Semaine;Annee;Thermique (MW)_reel;Nucléaire (MW)_reel;Eolien (MW)_reel;Solaire (MW)_reel;Hydraulique (MW)_reel;Pompage (MW)_reel;Bioénergies (MW)_reel;Ech. physiques (MW)_reel;Thermique (MW)_max;Nucléaire (MW)_max;Eolien (MW)_max;Solaire (MW)_max;Hydraulique (MW)_max;Bioénergies (MW)_max;Ech. physiques (MW)_min;Ech. physiques (MW)_max
2013-00;2013;7115;57597;4170;1299;14235;-3;787;-3691;25706.7;63130.0;8157.0;4366.0;25434.0;1496.1;-10000;10000
2013-01;2013;11781;59034;2335;1374;15828;-3;814;-2682;25706.7;63130.0;8157.0;4366.0;25434.0;1496.1;-10000;10000
2013-02;2013;14957;59102;3699;1286;15248;-3;783;3925;25706.7;63130.0;8157.0;4366.0;25434.0;1496.1;-10000;10000
2013-03;2013;14540;58935;4716;1338;15365;-3;758;302;25706.7;63130.0;8157.0;4366.0;25434.0;1496.1;-10000;10000
2013-04;2013;11138;57878;5841;1468;14841;-2;808;-3406;25706.7;63130.0;8157.0;4366.0;25434.0;1496.1;-10000;10000
2013-05;2013;12879;56360;5662;1338;16675;-10;778;-247;25706.7;63130.0;8157.0;4366.0;25434.0;1496.1;-10000;10000
2013-06;2013;12880;56892;3423;1934;16287;-10;757;546;25706.7;63130.0;8157.0;4366.0;25434.0;1496.1;-10000;10000
2013-07;2013;14487;55873;4579;2229;16796;-10;768;3004;25706.7;63130.0;8157.0;4366.0;25434.0;1496.1;-10000;10000
2013-08;2013;15298;53854;2844;2377;14685;-2;758;4111;25706.7;63130.0;8157.0;4366.0;25434.0;1496.1;-10000;10000
2013-09;2013;11572;53322;4338;2360;12831;-2;776;674;25706.7;63130.0;8157.0;4366.0;25434.0;1496.1;-10000;10000
2013-10;2013;13956;53284;4726;2574;14968;-2;755;4928;25706.7;63130.0;8157.0;4366.0;25434.0;1496.1;-10000;10000
2013-11;2013;12171;50723;3617;2096;13723;-2;790;1038;25706.7;63130.0;8157.0;4366.0;25434.0;1496.1;-10000;10000
2013-12;2013;14558;50423;2669;2312;13654;-2;771;1253;25706.7;63130.0;8157.0;4366.0;25434.0;1496.1;-10000;10000
2013-13;2013;10490;48465;3849;2602;14321;-4;706;1832;25706.7;63130.0;8157.0;4366.0;25434.0;1496.1;-10000;10000
2013-14;2013;10047;46270;5383;2783;12725;-3;609;3455;25706.7;63130.0;8157.0;4366.0;25434.0;1496.1;-10000;10000
2013-15;2013;6362;45301;3978;2720;13340;-3;630;-2247;25706.7;63130.0;8157.0;4366.0;25434.0;1496.1;-10000;10000
2013-16;2013;5008;45343;2854;2801;13991;-3;668;-1718;25706.7;63130.0;8157.0;4366.0;25434.0;1496.1;-10000;10000
2013-17;2013;5458;43720;3772;2517;14211;-3;698;-402;25706.7;63130.0;8157.0;4366.0;25434.0;1496.1;-10000;10000
2013-18;2013;2922;43713;4347;2736;14615;-6;697;-4292;25706.7;63130.0;8157.0;4366.0;25434.0;1496.1;-10000;10000
2013-19;2013;3787;46158;3267;2336;14548;-6;721;-2788;25706.7;63130.0;8157.0;4366.0;25434.0;1496.1;-10000;10000
2013-20;2013;4707;44394;3735;2504;14993;-6;685;-2328;25706.7;63130.0;8157.0;4366.0;25434.0;1496.1;-10000;10000
2013-21;2013;4212;44468;3682;2721;15443;-22;694;-1651;25706.7;63130.0;8157.0;4366.0;25434.0;1496.1;-10000;10000
2013-22;2013;3110;45525;3366;2836;14158;-7;654;-5093;25706.7;63130.0;8157.0;4366.0;25434.0;1496.1;-10000;10000
2013-23;2013;2838;44452;3374;2684;14036;-7;697;-1333;25706.7;63130.0;8157.0;4366.0;25434.0;1496.1;-10000;10000
2013-24;2013;4359;43187;4786;2188;13430;-19;691;-739;25706.7;63130.0;8157.0;4366.0;25434.0;1496.1;-10000;10000
2013-25;2013;3960;43490;2903;2639;12418;-8;767;-2462;25706.7;63130.0;8157.0;4366.0;25434.0;1496.1;-10000;10000
2013-26;2013;3912;43299;2764;2850;12675;-21;768;-2336;25706.7;63130.0;8157.0;4366.0;25434.0;1496.1;-10000;10000
2013-27;2013;4122;44318;3132;2880;11636;-16;798;-2234;25706.7;63130.0;8157.0;4366.0;25434.0;1496.1;-10000;10000
2013-28;2013;4385;44985;2404;2770;12683;-16;804;-982;25706.7;63130.0;8157.0;4366.0;25434.0;1496.1;-10000;10000
2013-29;2013;4419;44725;1886;2651;11559;-17;769;-1645;25706.7;63130.0;8157.0;4366.0;25434.0;1496.1;-10000;10000
2013-30;2013;3621;44630;3746;2852;11947;-16;771;-4214;25706.7;63130.0;8157.0;4366.0;25434.0;1496.1;-10000;10000
2013-31;2013;4047;43122;2447;2661;10960;-19;792;-5617;25706.7;63130.0;8157.0;4366.0;25434.0;1496.1;-10000;10000
2013-32;2013;1506;43657;2006;2802;10195;-19;781;-2641;25706.7;63130.0;8157.0;4366.0;25434.0;1496.1;-10000;10000
2013-33;2013;4980;42160;2535;2875;9860;-19;769;-3000;25706.7;63130.0;8157.0;4366.0;25434.0;1496.1;-10000;10000
2013-34;2013;7081;41511;1873;2704;9095;-19;765;-2350;25706.7;63130.0;8157.0;4366.0;25434.0;1496.1;-10000;10000
2013-35;2013;7047;43325;1349;2941;9100;-18;734;-1796;25706.7;63130.0;8157.0;4366.0;25434.0;1496.1;-10000;10000
2013-36;2013;6511;44362;4275;2094;9088;-19;716;-2333;25706.7;63130.0;8157.0;4366.0;25434.0;1496.1;-10000;10000
2013-37;2013;6320;44088;5781;2576;10446;-19;683;-2899;25706.7;63130.0;8157.0;4366.0;25434.0;1496.1;-10000;10000
2013-38;2013;7054;43544;2337;2833;9365;-19;713;-1560;25706.7;63130.0;8157.0;4366.0;25434.0;1496.1;-10000;10000
2013-39;2013;7097;43292;3518;2224;9330;-4;704;-2215;25706.7;63130.0;8157.0;4366.0;25434.0;1496.1;-10000;10000
2013-40;2013;8834;42672;3953;2212;10187;-4;698;516;25706.7;63130.0;8157.0;4366.0;25434.0;1496.1;-10000;10000
2013-41;2013;8216;44296;3645;2048;10884;-4;697;845;25706.7;63130.0;8157.0;4366.0;25434.0;1496.1;-10000;10000
2013-42;2013;6619;44653;6035;1791;12063;-4;743;-3387;25706.7;63130.0;8157.0;4366.0;25434.0;1496.1;-10000;10000
2013-43;2013;7018;46024;5997;2186;12127;-5;819;-2033;25706.7;63130.0;8157.0;4366.0;25434.0;1496.1;-10000;10000
2013-44;2013;8204;47750;6079;1584;13425;-5;807;-2929;25706.7;63130.0;8157.0;4366.0;25434.0;1496.1;-10000;10000
2013-45;2013;10868;50702;5102;1680;14348;-5;815;-865;25706.7;63130.0;8157.0;4366.0;25434.0;1496.1;-10000;10000
2013-46;2013;11307;53407;4838;1199;14445;-5;814;3378;25706.7;63130.0;8157.0;4366.0;25434.0;1496.1;-10000;10000
2013-47;2013;11867;54017;3499;1673;14739;-5;825;4593;25706.7;63130.0;8157.0;4366.0;25434.0;1496.1;-10000;10000
2013-48;2013;12105;55281;5194;1925;14187;-6;820;3321;25706.7;63130.0;8157.0;4366.0;25434.0;1496.1;-10000;10000
2013-49;2013;11363;57182;4412;2050;14420;-6;805;3105;25706.7;63130.0;8157.0;4366.0;25434.0;1496.1;-10000;10000
2013-50;2013;10008;57470;6421;1886;13136;-6;808;-639;25706.7;63130.0;8157.0;4366.0;25434.0;1496.1;-10000;10000
2013-51;2013;2781;56226;6522;1371;12711;-6;817;-2545;25706.7;63130.0;8157.0;4366.0;25434.0;1496.1;-10000;10000
2013-52;2013;3250;55476;4430;1420;13901;-6;799;-3110;25706.7;63130.0;8157.0;4366.0;25434.0;1496.1;-10000;10000
2014-00;2014;2726;57217;6469;1199;13569;-4;952;-3645;23750.9;63130.0;9271.4;5295.9;25415.3;1598.1;-10000;10000
2014-01;2014;6111;59213;5916;1527;15383;-3;948;-6088;23750.9;63130.0;9271.4;5295.9;25415.3;1598.1;-10000;10000
2014-02;2014;8221;61232;5207;1847;15059;-3;966;-5449;23750.9;63130.0;9271.4;5295.9;25415.3;1598.1;-10000;10000
2014-03;2014;9012;60759;6440;1536;15353;-4;962;-2133;23750.9;63130.0;9271.4;5295.9;25415.3;1598.1;-10000;10000
2014-04;2014;7099;60634;6152;1561;15703;-4;973;-1289;23750.9;63130.0;9271.4;5295.9;25415.3;1598.1;-10000;10000
2014-05;2014;6393;57759;6531;1888;15270;-27;988;-2296;23750.9;63130.0;9271.4;5295.9;25415.3;1598.1;-10000;10000
2014-06;2014;6522;57099;6298;2383;16614;-13;986;-363;23750.9;63130.0;9271.4;5295.9;25415.3;1598.1;-10000;10000
2014-07;2014;5302;55890;4464;2720;15615;-11;991;-2656;23750.9;63130.0;9271.4;5295.9;25415.3;1598.1;-10000;10000
2014-08;2014;6176;54396;5185;2737;16336;-11;967;-1575;23750.9;63130.0;9271.4;5295.9;25415.3;1598.1;-10000;10000
2014-09;2014;8188;53120;4915;3186;15741;-4;963;-986;23750.9;63130.0;9271.4;5295.9;25415.3;1598.1;-10000;10000
2014-10;2014;5037;51133;3612;3052;14879;-3;987;-4741;23750.9;63130.0;9271.4;5295.9;25415.3;1598.1;-10000;10000
2014-11;2014;4654;50910;4678;3023;14401;-3;983;-2816;23750.9;63130.0;9271.4;5295.9;25415.3;1598.1;-10000;10000
2014-12;2014;8428;47220;3475;2965;13775;-3;999;926;23750.9;63130.0;9271.4;5295.9;25415.3;1598.1;-10000;10000
2014-13;2014;5263;46697;2951;2714;12587;-3;966;-3451;23750.9;63130.0;9271.4;5295.9;25415.3;1598.1;-10000;10000
2014-14;2014;4135;46670;4378;3385;11615;-4;794;-2079;23750.9;63130.0;9271.4;5295.9;25415.3;1598.1;-10000;10000
2014-15;2014;3679;45752;3185;3462;12200;-3;783;305;23750.9;63130.0;9271.4;5295.9;25415.3;1598.1;-10000;10000
2014-16;2014;3391;43683;3806;2808;11637;-4;840;1075;23750.9;63130.0;9271.4;5295.9;25415.3;1598.1;-10000;10000
2014-17;2014;3546;44237;4057;3574;12673;-4;885;-940;23750.9;63130.0;9271.4;5295.9;25415.3;1598.1;-10000;10000
2014-18;2014;2433;45016;6315;3510;13078;-7;879;-3248;23750.9;63130.0;9271.4;5295.9;25415.3;1598.1;-10000;10000
2014-19;2014;4003;46042;3686;3614;12666;-7;869;-4307;23750.9;63130.0;9271.4;5295.9;25415.3;1598.1;-10000;10000
2014-20;2014;4014;45559;4146;2884;12433;-8;892;-2796;23750.9;63130.0;9271.4;5295.9;25415.3;1598.1;-10000;10000
2014-21;2014;3430;43671;2074;2969;13150;-7;901;-2598;23750.9;63130.0;9271.4;5295.9;25415.3;1598.1;-10000;10000
2014-22;2014;1781;47388;4929;3480;11700;-9;847;-3186;23750.9;63130.0;9271.4;5295.9;25415.3;1598.1;-10000;10000
2014-23;2014;3135;46291;3946;3376;12165;-32;769;-4291;23750.9;63130.0;9271.4;5295.9;25415.3;1598.1;-10000;10000
2014-24;2014;2651;47282;3719;3444;9839;-9;766;-2004;23750.9;63130.0;9271.4;5295.9;25415.3;1598.1;-10000;10000
2014-25;2014;3607;45557;2663;3089;9970;-8;810;-2406;23750.9;63130.0;9271.4;5295.9;25415.3;1598.1;-10000;10000
2014-26;2014;2648;48013;3825;3023;11322;-19;854;-3530;23750.9;63130.0;9271.4;5295.9;25415.3;1598.1;-10000;10000
2014-27;2014;1424;48338;4422;2436;12562;-18;885;-6982;23750.9;63130.0;9271.4;5295.9;25415.3;1598.1;-10000;10000
2014-28;2014;1906;50329;2836;3557;12547;-19;885;-6253;23750.9;63130.0;9271.4;5295.9;25415.3;1598.1;-10000;10000
2014-29;2014;1858;48568;2848;3177;12058;-19;854;-6874;23750.9;63130.0;9271.4;5295.9;25415.3;1598.1;-10000;10000
2014-30;2014;1418;48825;2481;3295;11741;-21;862;-7815;23750.9;63130.0;9271.4;5295.9;25415.3;1598.1;-10000;10000
2014-31;2014;1353;46831;5127;3266;11455;-20;881;-5153;23750.9;63130.0;9271.4;5295.9;25415.3;1598.1;-10000;10000
2014-32;2014;1902;43194;4061;3135;12289;-20;853;-1454;23750.9;63130.0;9271.4;5295.9;25415.3;1598.1;-10000;10000
2014-33;2014;1007;45060;2601;3199;10551;-20;853;-5334;23750.9;63130.0;9271.4;5295.9;25415.3;1598.1;-10000;10000
2014-34;2014;3180;47079;3456;3073;9725;-20;830;-6202;23750.9;63130.0;9271.4;5295.9;25415.3;1598.1;-10000;10000
2014-35;2014;2437;47017;2209;3528;8196;-20;829;-4444;23750.9;63130.0;9271.4;5295.9;25415.3;1598.1;-10000;10000
2014-36;2014;2946;48076;2447;3527;8782;-20;821;-4962;23750.9;63130.0;9271.4;5295.9;25415.3;1598.1;-10000;10000
2014-37;2014;4057;46978;2835;2912;9155;-20;814;-3794;23750.9;63130.0;9271.4;5295.9;25415.3;1598.1;-10000;10000
2014-38;2014;5095;45586;2202;3486;8761;-20;819;-3042;23750.9;63130.0;9271.4;5295.9;25415.3;1598.1;-10000;10000
2014-39;2014;5497;45073;2110;3277;9323;-6;912;-2237;23750.9;63130.0;9271.4;5295.9;25415.3;1598.1;-10000;10000
2014-40;2014;5855;44552;5374;2464;9643;-5;843;-1121;23750.9;63130.0;9271.4;5295.9;25415.3;1598.1;-10000;10000
2014-41;2014;5196;47180;4374;2995;10902;-6;844;-3362;23750.9;63130.0;9271.4;5295.9;25415.3;1598.1;-10000;10000
2014-42;2014;8223;47209;7119;2720;10748;-5;879;1282;23750.9;63130.0;9271.4;5295.9;25415.3;1598.1;-10000;10000
2014-43;2014;7065;48911;4655;2810;10682;-5;992;-2085;23750.9;63130.0;9271.4;5295.9;25415.3;1598.1;-10000;10000
2014-44;2014;10512;51550;6052;2356;11385;-6;1019;-2457;23750.9;63130.0;9271.4;5295.9;25415.3;1598.1;-10000;10000
2014-45;2014;8286;53220;4988;2201;12157;-6;1003;-3831;23750.9;63130.0;9271.4;5295.9;25415.3;1598.1;-10000;10000
2014-46;2014;9236;54648;2758;2249;13783;-6;1041;-3628;23750.9;63130.0;9271.4;5295.9;25415.3;1598.1;-10000;10000
2014-47;2014;9509;56783;5020;1417;12093;-6;1049;-5093;23750.9;63130.0;9271.4;5295.9;25415.3;1598.1;-10000;10000
2014-48;2014;11352;57447;3560;1576;12914;-16;1029;-91;23750.9;63130.0;9271.4;5295.9;25415.3;1598.1;-10000;10000
2014-49;2014;11142;57491;7147;1887;13512;-7;1037;1942;23750.9;63130.0;9271.4;5295.9;25415.3;1598.1;-10000;10000
2014-50;2014;10417;58203;7015;1840;14264;-7;1021;-3545;23750.9;63130.0;9271.4;5295.9;25415.3;1598.1;-10000;10000
2014-51;2014;3433;59991;7378;1982;12551;-15;1035;-2273;23750.9;63130.0;9271.4;5295.9;25415.3;1598.1;-10000;10000
2014-52;2014;7792;60234;2813;2222;14810;-7;970;563;23750.9;63130.0;9271.4;5295.9;25415.3;1598.1;-10000;10000
2015-00;2015;6235;58823;7475;2221;13493;-3;939;-1032;22334.9;63130.0;10324.5;6196.2;25430.2;1702.9;-10000;10000
2015-01;2015;10817;61320;7577;2333;15291;-3;990;-1074;22334.9;63130.0;10324.5;6196.2;25430.2;1702.9;-10000;10000
2015-02;2015;8609;60671;7330;2377;14099;-3;983;-5370;22334.9;63130.0;10324.5;6196.2;25430.2;1702.9;-10000;10000
2015-03;2015;11522;61712;4141;2302;14959;-3;985;-1867;22334.9;63130.0;10324.5;6196.2;25430.2;1702.9;-10000;10000
2015-04;2015;11392;60338;7298;1707;14954;-3;987;-3339;22334.9;63130.0;10324.5;6196.2;25430.2;1702.9;-10000;10000
2015-05;2015;12055;59055;7255;2732;15648;-9;970;2205;22334.9;63130.0;10324.5;6196.2;25430.2;1702.9;-10000;10000
2015-06;2015;11061;58213;6150;3169;14869;-10;1011;1056;22334.9;63130.0;10324.5;6196.2;25430.2;1702.9;-10000;10000
2015-07;2015;10437;56798;6534;3003;15521;-9;999;-1233;22334.9;63130.0;10324.5;6196.2;25430.2;1702.9;-10000;10000
2015-08;2015;10450;54715;6762;2585;15060;-10;1004;-2950;22334.9;63130.0;10324.5;6196.2;25430.2;1702.9;-10000;10000
2015-09;2015;9233;52068;6914;3936;15190;-3;985;-1049;22334.9;63130.0;10324.5;6196.2;25430.2;1702.9;-10000;10000
2015-10;2015;7907;51632;3332;3652;14058;-3;988;-2908;22334.9;63130.0;10324.5;6196.2;25430.2;1702.9;-10000;10000
2015-11;2015;9374;52372;4611;3117;13694;-3;1009;-2122;22334.9;63130.0;10324.5;6196.2;25430.2;1702.9;-10000;10000
2015-12;2015;8701;50477;8329;3150;13334;-3;1003;-324;22334.9;63130.0;10324.5;6196.2;25430.2;1702.9;-10000;10000
2015-13;2015;5333;48807;7957;3991;12352;-3;953;860;22334.9;63130.0;10324.5;6196.2;25430.2;1702.9;-10000;10000
2015-14;2015;5477;47049;3960;4343;11523;-3;886;1365;22334.9;63130.0;10324.5;6196.2;25430.2;1702.9;-10000;10000
2015-15;2015;5227;43796;5297;4216;11568;-3;839;-1713;22334.9;63130.0;10324.5;6196.2;25430.2;1702.9;-10000;10000
2015-16;2015;3877;45386;4134;4350;11764;-4;841;-3326;22334.9;63130.0;10324.5;6196.2;25430.2;1702.9;-10000;10000
2015-17;2015;2970;45550;4464;3590;12739;-13;887;-2716;22334.9;63130.0;10324.5;6196.2;25430.2;1702.9;-10000;10000
2015-18;2015;2192;43448;7344;4173;12841;-21;915;-2100;22334.9;63130.0;10324.5;6196.2;25430.2;1702.9;-10000;10000
2015-19;2015;1094;43546;3574;4010;13827;-30;904;-2302;22334.9;63130.0;10324.5;6196.2;25430.2;1702.9;-10000;10000
2015-20;2015;1393;45273;5433;3994;12041;-6;904;-3591;22334.9;63130.0;10324.5;6196.2;25430.2;1702.9;-10000;10000
2015-21;2015;1717;47216;4725;4053;11775;-6;916;-2696;22334.9;63130.0;10324.5;6196.2;25430.2;1702.9;-10000;10000
2015-22;2015;1767;46423;5798;4223;11703;-6;892;-1039;22334.9;63130.0;10324.5;6196.2;25430.2;1702.9;-10000;10000
2015-23;2015;1962;45842;5958;4102;11688;-7;859;-4611;22334.9;63130.0;10324.5;6196.2;25430.2;1702.9;-10000;10000
2015-24;2015;2177;45556;2848;4216;12491;-7;906;-4974;22334.9;63130.0;10324.5;6196.2;25430.2;1702.9;-10000;10000
2015-25;2015;1540;46272;3839;4372;11839;-7;917;-3006;22334.9;63130.0;10324.5;6196.2;25430.2;1702.9;-10000;10000
2015-26;2015;3715;45573;3204;4271;10508;-7;888;-1004;22334.9;63130.0;10324.5;6196.2;25430.2;1702.9;-10000;10000
2015-27;2015;4242;47876;5416;4337;10539;-14;963;-3606;22334.9;63130.0;10324.5;6196.2;25430.2;1702.9;-10000;10000
2015-28;2015;4157;48858;3513;3980;9073;-15;953;-4263;22334.9;63130.0;10324.5;6196.2;25430.2;1702.9;-10000;10000
2015-29;2015;4204;46736;6198;3824;8777;-14;955;-877;22334.9;63130.0;10324.5;6196.2;25430.2;1702.9;-10000;10000
2015-30;2015;1057;49401;7032;4349;8001;-14;971;-4652;22334.9;63130.0;10324.5;6196.2;25430.2;1702.9;-10000;10000
2015-31;2015;911;45754;2550;4124;8283;-16;936;-3543;22334.9;63130.0;10324.5;6196.2;25430.2;1702.9;-10000;10000
2015-32;2015;789;45820;3582;3894;8475;-16;936;-6622;22334.9;63130.0;10324.5;6196.2;25430.2;1702.9;-10000;10000
2015-33;2015;1806;48790;3629;4229;6992;-16;985;-1555;22334.9;63130.0;10324.5;6196.2;25430.2;1702.9;-10000;10000
2015-34;2015;3378;45342;6831;4056;8963;-16;959;-2606;22334.9;63130.0;10324.5;6196.2;25430.2;1702.9;-10000;10000
2015-35;2015;4754;47664;2832;3560;8950;-16;991;-2734;22334.9;63130.0;10324.5;6196.2;25430.2;1702.9;-10000;10000
2015-36;2015;3490;48434;3145;4223;7892;-17;938;-3898;22334.9;63130.0;10324.5;6196.2;25430.2;1702.9;-10000;10000
2015-37;2015;3891;44799;7041;3870;9658;-16;946;-3968;22334.9;63130.0;10324.5;6196.2;25430.2;1702.9;-10000;10000
2015-38;2015;6238;43483;5448;3880;8884;-16;937;-1757;22334.9;63130.0;10324.5;6196.2;25430.2;1702.9;-10000;10000
2015-39;2015;6261;44017;6448;3903;8959;-4;957;-2553;22334.9;63130.0;10324.5;6196.2;25430.2;1702.9;-10000;10000
2015-40;2015;6446;46864;5608;3584;9975;-4;844;-3451;22334.9;63130.0;10324.5;6196.2;25430.2;1702.9;-10000;10000
2015-41;2015;8202;48798;3231;3014;10708;-4;844;459;22334.9;63130.0;10324.5;6196.2;25430.2;1702.9;-10000;10000
2015-42;2015;8251;50244;2821;2911;10028;-4;959;-1528;22334.9;63130.0;10324.5;6196.2;25430.2;1702.9;-10000;10000
2015-43;2015;7457;49724;3900;3538;10370;-4;1057;-3412;22334.9;63130.0;10324.5;6196.2;25430.2;1702.9;-10000;10000
2015-44;2015;10032;50792;5075;3099;10600;-5;1094;-3251;22334.9;63130.0;10324.5;6196.2;25430.2;1702.9;-10000;10000
2015-45;2015;9308;50966;6375;2929;9578;-5;1073;-5126;22334.9;63130.0;10324.5;6196.2;25430.2;1702.9;-10000;10000
2015-46;2015;9629;52444;7746;2591;8992;-5;1033;-3994;22334.9;63130.0;10324.5;6196.2;25430.2;1702.9;-10000;10000
2015-47;2015;13616;55489;8275;2594;12984;-5;1024;-231;22334.9;63130.0;10324.5;6196.2;25430.2;1702.9;-10000;10000
2015-48;2015;9564;57179;7416;2419;12330;-5;1063;-4600;22334.9;63130.0;10324.5;6196.2;25430.2;1702.9;-10000;10000
2015-49;2015;10159;58824;5009;2562;13996;-5;1161;-3200;22334.9;63130.0;10324.5;6196.2;25430.2;1702.9;-10000;10000
2015-50;2015;9924;59150;5690;2073;12324;-6;1129;-5097;22334.9;63130.0;10324.5;6196.2;25430.2;1702.9;-10000;10000
2015-51;2015;6471;55724;7197;2547;11072;-5;1060;-2350;22334.9;63130.0;10324.5;6196.2;25430.2;1702.9;-10000;10000
2015-52;2015;7059;55807;7092;2390;8801;-6;1067;-2858;22334.9;63130.0;10324.5;6196.2;25430.2;1702.9;-10000;10000
2016-00;2016;2606;55227;6787;1565;9384;-4;1100;-2840;21803.2;63130.0;11761.4;6772.5;25469.8;1918.2;-10000;10000
2016-01;2016;8323;59069;7839;1333;14409;-3;1105;-644;21803.2;63130.0;11761.4;6772.5;25469.8;1918.2;-10000;10000
2016-02;2016;10507;58699;7970;2612;14617;-3;1079;-1965;21803.2;63130.0;11761.4;6772.5;25469.8;1918.2;-10000;10000
2016-03;2016;12173;59461;3948;2912;15818;-3;1082;3091;21803.2;63130.0;11761.4;6772.5;25469.8;1918.2;-10000;10000
2016-04;2016;9951;58642;8215;2629;13560;-4;1109;-4877;21803.2;63130.0;11761.4;6772.5;25469.8;1918.2;-10000;10000
2016-05;2016;7144;59343;8633;3015;16183;-10;1075;-4727;21803.2;63130.0;11761.4;6772.5;25469.8;1918.2;-10000;10000
2016-06;2016;9066;56578;8391;2153;16109;-11;1069;-1385;21803.2;63130.0;11761.4;6772.5;25469.8;1918.2;-10000;10000
2016-07;2016;11566;56289;7724;3608;16253;-12;1106;1362;21803.2;63130.0;11761.4;6772.5;25469.8;1918.2;-10000;10000
2016-08;2016;8854;54946;7239;3543;15524;-11;1115;-2182;21803.2;63130.0;11761.4;6772.5;25469.8;1918.2;-10000;10000
2016-09;2016;8865;54013;7968;3027;16150;-4;1105;-1555;21803.2;63130.0;11761.4;6772.5;25469.8;1918.2;-10000;10000
2016-10;2016;9509;54785;7370;4073;15573;-20;1093;-4;21803.2;63130.0;11761.4;6772.5;25469.8;1918.2;-10000;10000
2016-11;2016;9631;53051;6237;4317;14516;-3;1090;-2593;21803.2;63130.0;11761.4;6772.5;25469.8;1918.2;-10000;10000
2016-12;2016;9187;51090;7179;4461;12977;-4;1087;1875;21803.2;63130.0;11761.4;6772.5;25469.8;1918.2;-10000;10000
2016-13;2016;9465;46645;7915;3231;12510;-4;1053;1597;21803.2;63130.0;11761.4;6772.5;25469.8;1918.2;-10000;10000
2016-14;2016;6593;46516;6705;4651;13829;-4;1002;1357;21803.2;63130.0;11761.4;6772.5;25469.8;1918.2;-10000;10000
2016-15;2016;7186;45040;5613;4135;13474;-4;982;-2604;21803.2;63130.0;11761.4;6772.5;25469.8;1918.2;-10000;10000
2016-16;2016;5296;43304;5608;5054;13463;-4;999;-701;21803.2;63130.0;11761.4;6772.5;25469.8;1918.2;-10000;10000
2016-17;2016;7154;43849;5982;4479;13565;-3;1036;3610;21803.2;63130.0;11761.4;6772.5;25469.8;1918.2;-10000;10000
2016-18;2016;4431;43074;4170;5233;12646;-7;1056;569;21803.2;63130.0;11761.4;6772.5;25469.8;1918.2;-10000;10000
2016-19;2016;4002;44113;3810;4607;13421;-7;1062;1051;21803.2;63130.0;11761.4;6772.5;25469.8;1918.2;-10000;10000
2016-20;2016;4174;41974;4795;4679;12585;-6;989;2307;21803.2;63130.0;11761.4;6772.5;25469.8;1918.2;-10000;10000
2016-21;2016;4002;42454;3356;4356;11985;-14;934;-2751;21803.2;63130.0;11761.4;6772.5;25469.8;1918.2;-10000;10000
2016-22;2016;4488;43292;4788;3523;14024;-30;927;-4657;21803.2;63130.0;11761.4;6772.5;25469.8;1918.2;-10000;10000
2016-23;2016;3215;44245;3198;4609;14236;-29;955;-7500;21803.2;63130.0;11761.4;6772.5;25469.8;1918.2;-10000;10000
2016-24;2016;4868;43136;3844;3627;13327;-8;940;-5516;21803.2;63130.0;11761.4;6772.5;25469.8;1918.2;-10000;10000
2016-25;2016;5253;41577;4750;4575;12930;-8;1013;-3837;21803.2;63130.0;11761.4;6772.5;25469.8;1918.2;-10000;10000
2016-26;2016;5031;41128;4252;4088;12725;-9;1088;-2653;21803.2;63130.0;11761.4;6772.5;25469.8;1918.2;-10000;10000
2016-27;2016;4620;43613;2972;4824;11723;-17;1058;-1986;21803.2;63130.0;11761.4;6772.5;25469.8;1918.2;-10000;10000
2016-28;2016;4380;41106;3564;5021;11567;-18;1086;-1773;21803.2;63130.0;11761.4;6772.5;25469.8;1918.2;-10000;10000
2016-29;2016;5825;38847;3535;4878;10902;-17;1046;1320;21803.2;63130.0;11761.4;6772.5;25469.8;1918.2;-10000;10000
2016-30;2016;5879;39014;2782;4220;9880;-17;1075;-1731;21803.2;63130.0;11761.4;6772.5;25469.8;1918.2;-10000;10000
2016-31;2016;3627;38658;4640;4940;9637;-20;1046;146;21803.2;63130.0;11761.4;6772.5;25469.8;1918.2;-10000;10000
2016-32;2016;2803;40504;3043;4899;8282;-19;1029;436;21803.2;63130.0;11761.4;6772.5;25469.8;1918.2;-10000;10000
2016-33;2016;3916;37643;4964;4723;7489;-20;1044;85;21803.2;63130.0;11761.4;6772.5;25469.8;1918.2;-10000;10000
2016-34;2016;4872;38983;3415;4869;9330;-19;1008;902;21803.2;63130.0;11761.4;6772.5;25469.8;1918.2;-10000;10000
2016-35;2016;7020;38112;4190;4643;7823;-19;1012;3187;21803.2;63130.0;11761.4;6772.5;25469.8;1918.2;-10000;10000
2016-36;2016;7926;38524;3546;4765;8893;-19;1007;425;21803.2;63130.0;11761.4;6772.5;25469.8;1918.2;-10000;10000
2016-37;2016;7851;39466;4216;4159;8453;-20;986;-888;21803.2;63130.0;11761.4;6772.5;25469.8;1918.2;-10000;10000
2016-38;2016;7761;39168;4552;4329;8372;-20;1016;-896;21803.2;63130.0;11761.4;6772.5;25469.8;1918.2;-10000;10000
2016-39;2016;8337;37515;3869;4278;9492;-5;1041;691;21803.2;63130.0;11761.4;6772.5;25469.8;1918.2;-10000;10000
2016-40;2016;7504;39083;5317;5050;8403;-6;990;2906;21803.2;63130.0;11761.4;6772.5;25469.8;1918.2;-10000;10000
2016-41;2016;8429;41143;4523;4565;9570;-5;898;5198;21803.2;63130.0;11761.4;6772.5;25469.8;1918.2;-10000;10000
2016-42;2016;8230;41968;3526;4163;10501;-5;940;3712;21803.2;63130.0;11761.4;6772.5;25469.8;1918.2;-10000;10000
2016-43;2016;8938;42346;3479;4336;11373;-6;1014;3940;21803.2;63130.0;11761.4;6772.5;25469.8;1918.2;-10000;10000
2016-44;2016;11031;42932;2970;4391;10337;-7;1152;7320;21803.2;63130.0;11761.4;6772.5;25469.8;1918.2;-10000;10000
2016-45;2016;14514;43692;8479;2751;12150;-6;1120;8469;21803.2;63130.0;11761.4;6772.5;25469.8;1918.2;-10000;10000
2016-46;2016;12884;44125;8646;2809;11062;-6;1181;7144;21803.2;63130.0;11761.4;6772.5;25469.8;1918.2;-10000;10000
2016-47;2016;11295;47873;7903;2794;11401;-6;1188;1115;21803.2;63130.0;11761.4;6772.5;25469.8;1918.2;-10000;10000
2016-48;2016;13988;50332;6949;3489;14015;-6;1211;7140;21803.2;63130.0;11761.4;6772.5;25469.8;1918.2;-10000;10000
2016-49;2016;11706;50646;3931;3119;12180;-6;1192;5716;21803.2;63130.0;11761.4;6772.5;25469.8;1918.2;-10000;10000
2016-50;2016;11839;49059;3379;2940;12564;-7;1261;5685;21803.2;63130.0;11761.4;6772.5;25469.8;1918.2;-10000;10000
2016-51;2016;12158;50005;6016;1773;12443;-7;1134;6432;21803.2;63130.0;11761.4;6772.5;25469.8;1918.2;-10000;10000
2016-52;2016;10590;53524;3756;3356;12154;-7;1133;5315;21803.2;63130.0;11761.4;6772.5;25469.8;1918.2;-10000;10000
2017-00;2017;9359;53528;843;1449;8267;-4;1101;5483;19027.7;63130.0;13549.6;7653.9;25521.1;1952.8;-10000;10000
2017-01;2017;13617;54152;3673;3177;13508;-3;1141;8533;19027.7;63130.0;13549.6;7653.9;25521.1;1952.8;-10000;10000
2017-02;2017;12252;55267;8896;2634;13338;-3;1166;4422;19027.7;63130.0;13549.6;7653.9;25521.1;1952.8;-10000;10000
2017-03;2017;16209;56201;5611;3398;14954;-3;1216;6319;19027.7;63130.0;13549.6;7653.9;25521.1;1952.8;-10000;10000
2017-04;2017;16274;56885;6716;3107;13853;-3;1191;6055;19027.7;63130.0;13549.6;7653.9;25521.1;1952.8;-10000;10000
2017-05;2017;11398;56671;8182;1980;11442;-4;1191;1307;19027.7;63130.0;13549.6;7653.9;25521.1;1952.8;-10000;10000
2017-06;2017;11326;54359;7660;2836;13692;-12;1133;2692;19027.7;63130.0;13549.6;7653.9;25521.1;1952.8;-10000;10000
2017-07;2017;11018;51687;7640;4138;12912;-11;1153;-1175;19027.7;63130.0;13549.6;7653.9;25521.1;1952.8;-10000;10000
2017-08;2017;10678;48772;8603;4487;12243;-11;1160;-155;19027.7;63130.0;13549.6;7653.9;25521.1;1952.8;-10000;10000
2017-09;2017;10405;49963;9222;3307;14131;-4;1141;-1184;19027.7;63130.0;13549.6;7653.9;25521.1;1952.8;-10000;10000
2017-10;2017;10112;48721;8412;4560;14329;-4;1117;446;19027.7;63130.0;13549.6;7653.9;25521.1;1952.8;-10000;10000
2017-11;2017;9449;47757;8300;4820;13657;-3;1156;-1678;19027.7;63130.0;13549.6;7653.9;25521.1;1952.8;-10000;10000
2017-12;2017;10091;46932;9081;4427;14865;-3;1154;-2932;19027.7;63130.0;13549.6;7653.9;25521.1;1952.8;-10000;10000
2017-13;2017;9124;47377;5357;4969;13026;-3;1132;-2802;19027.7;63130.0;13549.6;7653.9;25521.1;1952.8;-10000;10000
2017-14;2017;7865;46635;4303;5275;11932;-3;1003;-4469;19027.7;63130.0;13549.6;7653.9;25521.1;1952.8;-10000;10000
2017-15;2017;7639;45867;3719;5215;9208;-4;1062;-1700;19027.7;63130.0;13549.6;7653.9;25521.1;1952.8;-10000;10000
2017-16;2017;8015;46613;5093;5527;9144;-4;1197;-1917;19027.7;63130.0;13549.6;7653.9;25521.1;1952.8;-10000;10000
2017-17;2017;8139;47350;7511;5232;10615;-3;1194;1097;19027.7;63130.0;13549.6;7653.9;25521.1;1952.8;-10000;10000
2017-18;2017;7980;45908;6668;3978;12102;-6;1201;-1663;19027.7;63130.0;13549.6;7653.9;25521.1;1952.8;-10000;10000
2017-19;2017;6280;43331;4005;5292;12765;-7;1023;-4400;19027.7;63130.0;13549.6;7653.9;25521.1;1952.8;-10000;10000
2017-20;2017;4618;45144;5140;5276;12069;-18;1028;-4130;19027.7;63130.0;13549.6;7653.9;25521.1;1952.8;-10000;10000
2017-21;2017;3610;40704;5152;5363;12795;-11;1121;-268;19027.7;63130.0;13549.6;7653.9;25521.1;1952.8;-10000;10000
2017-22;2017;4510;39110;3221;4382;11801;-30;1273;-1223;19027.7;63130.0;13549.6;7653.9;25521.1;1952.8;-10000;10000
2017-23;2017;2283;42292;9521;5304;12616;-31;1204;-1813;19027.7;63130.0;13549.6;7653.9;25521.1;1952.8;-10000;10000
2017-24;2017;4540;39031;4091;5345;10513;-25;1146;545;19027.7;63130.0;13549.6;7653.9;25521.1;1952.8;-10000;10000
2017-25;2017;6033;39702;3975;5215;10235;-20;1160;1860;19027.7;63130.0;13549.6;7653.9;25521.1;1952.8;-10000;10000
2017-26;2017;6233;39193;4488;3642;10160;-8;1133;-483;19027.7;63130.0;13549.6;7653.9;25521.1;1952.8;-10000;10000
2017-27;2017;7011;39162;3180;5303;9554;-16;1128;-326;19027.7;63130.0;13549.6;7653.9;25521.1;1952.8;-10000;10000
2017-28;2017;6485;39843;5782;5204;9314;-16;1305;-1895;19027.7;63130.0;13549.6;7653.9;25521.1;1952.8;-10000;10000
2017-29;2017;7183;41704;5857;5077;7750;-16;1155;-635;19027.7;63130.0;13549.6;7653.9;25521.1;1952.8;-10000;10000
2017-30;2017;5398;41477;5937;4534;8161;-16;1272;-3416;19027.7;63130.0;13549.6;7653.9;25521.1;1952.8;-10000;10000
2017-31;2017;3495;40966;6770;5141;8266;-17;1208;-2626;19027.7;63130.0;13549.6;7653.9;25521.1;1952.8;-10000;10000
2017-32;2017;2994;39795;4140;4795;8478;-18;1250;-2437;19027.7;63130.0;13549.6;7653.9;25521.1;1952.8;-10000;10000
2017-33;2017;2788;39560;5027;5189;8544;-18;1200;-2202;19027.7;63130.0;13549.6;7653.9;25521.1;1952.8;-10000;10000
2017-34;2017;5464;41572;2638;5075;7175;-18;1057;-1576;19027.7;63130.0;13549.6;7653.9;25521.1;1952.8;-10000;10000
2017-35;2017;7991;41754;3489;4726;7952;-18;1224;-1580;19027.7;63130.0;13549.6;7653.9;25521.1;1952.8;-10000;10000
2017-36;2017;6867;42233;8333;3844;8411;-19;1298;-2802;19027.7;63130.0;13549.6;7653.9;25521.1;1952.8;-10000;10000
2017-37;2017;4134;42912;9518;4109;7039;-18;1111;-1138;19027.7;63130.0;13549.6;7653.9;25521.1;1952.8;-10000;10000
2017-38;2017;7313;43752;2161;4960;7830;-18;1047;-1585;19027.7;63130.0;13549.6;7653.9;25521.1;1952.8;-10000;10000
2017-39;2017;7812;43527;3927;4639;7836;-6;1200;-2584;19027.7;63130.0;13549.6;7653.9;25521.1;1952.8;-10000;10000
2017-40;2017;8990;40190;5791;4750;9616;-5;1141;-832;19027.7;63130.0;13549.6;7653.9;25521.1;1952.8;-10000;10000
2017-41;2017;9088;38706;4423;4243;9969;-5;1041;1244;19027.7;63130.0;13549.6;7653.9;25521.1;1952.8;-10000;10000
2017-42;2017;8842;38202;8721;4212;10195;-5;1110;1550;19027.7;63130.0;13549.6;7653.9;25521.1;1952.8;-10000;10000
2017-43;2017;9522;40467;7417;4102;9139;-5;1172;3652;19027.7;63130.0;13549.6;7653.9;25521.1;1952.8;-10000;10000
2017-44;2017;10486;41484;5323;4373;11049;-5;1288;4846;19027.7;63130.0;13549.6;7653.9;25521.1;1952.8;-10000;10000
2017-45;2017;11721;41426;9354;3367;12423;-6;1343;8264;19027.7;63130.0;13549.6;7653.9;25521.1;1952.8;-10000;10000
2017-46;2017;11305;42725;6859;3591;13894;-5;1276;7908;19027.7;63130.0;13549.6;7653.9;25521.1;1952.8;-10000;10000
2017-47;2017;11492;47078;10199;3624;10415;-5;1366;5482;19027.7;63130.0;13549.6;7653.9;25521.1;1952.8;-10000;10000
2017-48;2017;11546;49552;8181;3218;14557;-7;1258;10010;19027.7;63130.0;13549.6;7653.9;25521.1;1952.8;-10000;10000
2017-49;2017;12900;51906;9983;2588;13971;-6;1182;5868;19027.7;63130.0;13549.6;7653.9;25521.1;1952.8;-10000;10000
2017-50;2017;11421;52103;10435;2493;12888;-7;1170;4765;19027.7;63130.0;13549.6;7653.9;25521.1;1952.8;-10000;10000
2017-51;2017;11438;54997;6564;2645;14353;-6;1208;4804;19027.7;63130.0;13549.6;7653.9;25521.1;1952.8;-10000;10000
2017-52;2017;7355;53915;11249;2358;11366;-6;1211;1808;19027.7;63130.0;13549.6;7653.9;25521.1;1952.8;-10000;10000
2018-01;2018;4040;56707;11118;1670;12964;-16;1169;3231;18640.933;63130.0;15133.26;8546.07;25536.32;2046.63;-10000;10000
2018-02;2018;11024;58298;6019;2104;14534;-19;1161;-3404;18640.933;63130.0;15133.26;8546.07;25536.32;2046.63;-10000;10000
2018-03;2018;7134;57733;10970;2863;14830;-20;1129;-4602;18640.933;63130.0;15133.26;8546.07;25536.32;2046.63;-10000;10000
2018-04;2018;9612;58640;9483;3085;15223;-19;1134;-7427;18640.933;63130.0;15133.26;8546.07;25536.32;2046.63;-10000;10000
2018-05;2018;9961;57696;9538;3023;17143;-20;1229;-3081;18640.933;63130.0;15133.26;8546.07;25536.32;2046.63;-10000;10000
2018-06;2018;12844;57109;9075;3831;17306;-20;1230;2945;18640.933;63130.0;15133.26;8546.07;25536.32;2046.63;-10000;10000
2018-07;2018;11839;57262;7461;4628;16332;-11;1285;-2055;18640.933;63130.0;15133.26;8546.07;25536.32;2046.63;-10000;10000
2018-08;2018;11512;53133;8183;5218;17434;-26;1259;932;18640.933;63130.0;15133.26;8546.07;25536.32;2046.63;-10000;10000
2018-09;2018;14002;53415;10680;5730;17163;-3;1170;9575;18640.933;63130.0;15133.26;8546.07;25536.32;2046.63;-10000;10000
2018-10;2018;9803;51413;7907;5258;14569;-3;1199;-805;18640.933;63130.0;15133.26;8546.07;25536.32;2046.63;-10000;10000
2018-11;2018;6681;50934;10659;5225;14071;-3;1213;1204;18640.933;63130.0;15133.26;8546.07;25536.32;2046.63;-10000;10000
2018-12;2018;11409;48648;8874;5595;15200;-3;1184;4199;18640.933;63130.0;15133.26;8546.07;25536.32;2046.63;-10000;10000
2018-13;2018;10211;46465;9637;4923;12546;-3;1218;2810;18640.933;63130.0;15133.26;8546.07;25536.32;2046.63;-10000;10000
2018-14;2018;4140;46166;8277;6031;13357;-4;1141;1773;18640.933;63130.0;15133.26;8546.07;25536.32;2046.63;-10000;10000
2018-15;2018;5667;44475;4669;4854;12852;-3;1157;301;18640.933;63130.0;15133.26;8546.07;25536.32;2046.63;-10000;10000
2018-16;2018;3234;44211;4257;6324;13187;-4;1212;-4853;18640.933;63130.0;15133.26;8546.07;25536.32;2046.63;-10000;10000
2018-17;2018;1646;46235;7676;5847;13110;-43;1240;-5669;18640.933;63130.0;15133.26;8546.07;25536.32;2046.63;-10000;10000
2018-18;2018;1332;46745;8044;5789;14660;-6;1174;3039;18640.933;63130.0;15133.26;8546.07;25536.32;2046.63;-10000;10000
2018-19;2018;1463;41328;4257;6233;14054;-7;1221;-5464;18640.933;63130.0;15133.26;8546.07;25536.32;2046.63;-10000;10000
2018-20;2018;2736;45833;6002;5951;14037;-29;1283;-6354;18640.933;63130.0;15133.26;8546.07;25536.32;2046.63;-10000;10000
2018-21;2018;2353;44929;3963;5293;13558;-47;1104;-3025;18640.933;63130.0;15133.26;8546.07;25536.32;2046.63;-10000;10000
2018-22;2018;3623;44344;2223;5315;14088;-34;1076;-7449;18640.933;63130.0;15133.26;8546.07;25536.32;2046.63;-10000;10000
2018-23;2018;3799;42582;2698;4961;14594;-7;1057;-5983;18640.933;63130.0;15133.26;8546.07;25536.32;2046.63;-10000;10000
2018-24;2018;3241;41752;4472;5157;14374;-24;1084;-6127;18640.933;63130.0;15133.26;8546.07;25536.32;2046.63;-10000;10000
2018-25;2018;2693;42792;5817;6432;14164;-18;1078;-5494;18640.933;63130.0;15133.26;8546.07;25536.32;2046.63;-10000;10000
2018-26;2018;3092;41394;5580;6210;13048;-8;1099;-2191;18640.933;63130.0;15133.26;8546.07;25536.32;2046.63;-10000;10000
2018-27;2018;5750;42720;4117;6171;11405;-17;1137;-2218;18640.933;63130.0;15133.26;8546.07;25536.32;2046.63;-10000;10000
2018-28;2018;5170;42270;3735;6039;10045;-16;1246;-3194;18640.933;63130.0;15133.26;8546.07;25536.32;2046.63;-10000;10000
2018-29;2018;5066;44476;2969;5905;10480;-21;1165;-5238;18640.933;63130.0;15133.26;8546.07;25536.32;2046.63;-10000;10000
2018-30;2018;5843;44729;5496;6161;9561;-17;1243;-3915;18640.933;63130.0;15133.26;8546.07;25536.32;2046.63;-10000;10000
2018-31;2018;6070;42822;4577;6203;9380;-17;1242;-1590;18640.933;63130.0;15133.26;8546.07;25536.32;2046.63;-10000;10000
2018-32;2018;5598;40548;7115;6247;9298;-19;1155;-31;18640.933;63130.0;15133.26;8546.07;25536.32;2046.63;-10000;10000
2018-33;2018;3638;40086;5274;6194;8649;-19;1147;-1865;18640.933;63130.0;15133.26;8546.07;25536.32;2046.63;-10000;10000
2018-34;2018;4225;36895;5860;5891;8867;-18;1156;1272;18640.933;63130.0;15133.26;8546.07;25536.32;2046.63;-10000;10000
2018-35;2018;5987;38952;5920;6302;8534;-18;1136;483;18640.933;63130.0;15133.26;8546.07;25536.32;2046.63;-10000;10000
2018-36;2018;5923;44584;2435;6091;6872;-18;1127;-3226;18640.933;63130.0;15133.26;8546.07;25536.32;2046.63;-10000;10000
2018-37;2018;4370;46972;2776;6070;8264;-18;1220;-4909;18640.933;63130.0;15133.26;8546.07;25536.32;2046.63;-10000;10000
2018-38;2018;5017;44803;9179;5694;8176;-18;1190;-3301;18640.933;63130.0;15133.26;8546.07;25536.32;2046.63;-10000;10000
2018-39;2018;4721;44787;7293;6121;9247;-18;1175;263;18640.933;63130.0;15133.26;8546.07;25536.32;2046.63;-10000;10000
2018-40;2018;6026;44428;6279;6290;8097;-5;1149;-795;18640.933;63130.0;15133.26;8546.07;25536.32;2046.63;-10000;10000
2018-41;2018;6704;43221;7785;5363;10126;-5;1094;-83;18640.933;63130.0;15133.26;8546.07;25536.32;2046.63;-10000;10000
2018-42;2018;7152;45009;5560;5470;9585;-5;1191;-3890;18640.933;63130.0;15133.26;8546.07;25536.32;2046.63;-10000;10000
2018-43;2018;7631;45508;10218;5475;9502;-6;1154;1633;18640.933;63130.0;15133.26;8546.07;25536.32;2046.63;-10000;10000
2018-44;2018;9145;46389;7800;4705;10445;-6;1181;3266;18640.933;63130.0;15133.26;8546.07;25536.32;2046.63;-10000;10000
2018-45;2018;9462;46926;9973;3774;10044;-7;1154;-826;18640.933;63130.0;15133.26;8546.07;25536.32;2046.63;-10000;10000
2018-46;2018;9676;45926;7644;4544;10630;-7;1197;2052;18640.933;63130.0;15133.26;8546.07;25536.32;2046.63;-10000;10000
2018-47;2018;12151;46981;6960;3514;13021;-7;1264;8696;18640.933;63130.0;15133.26;8546.07;25536.32;2046.63;-10000;10000
2018-48;2018;11354;50635;9780;3249;10978;-7;1164;3932;18640.933;63130.0;15133.26;8546.07;25536.32;2046.63;-10000;10000
2018-49;2018;9702;52562;12288;2409;10976;-8;1198;-5216;18640.933;63130.0;15133.26;8546.07;25536.32;2046.63;-10000;10000
2018-50;2018;10036;55099;7166;3208;15499;-7;1173;4064;18640.933;63130.0;15133.26;8546.07;25536.32;2046.63;-10000;10000
2018-51;2018;8956;55521;11813;2573;12091;-7;1203;-2807;18640.933;63130.0;15133.26;8546.07;25536.32;2046.63;-10000;10000
2018-52;2018;8983;57203;8100;2955;11268;-14;1179;-134;18640.933;63130.0;15133.26;8546.07;25536.32;2046.63;-10000;10000
2018-53;2018;6951;56470;2027;1793;8163;-16;1177;-1131;18640.933;63130.0;15133.26;8546.07;25536.32;2046.63;-10000;10000
2019-00;2019;9269;56390;3802;4137;10717;-4;1170;2966;18541.091;63130.0;16511.2904;9566.9790811;25703.673;2105.535;-10000;10000
2019-01;2019;11457;56408;11174;3145;14580;-4;1191;5540;18541.091;63130.0;16511.2904;9566.9790811;25703.673;2105.535;-10000;10000
2019-02;2019;10610;54179;10135;3952;13407;-3;1201;4322;18541.091;63130.0;16511.2904;9566.9790811;25703.673;2105.535;-10000;10000
2019-03;2019;11849;55467;11557;3123;15967;-4;1192;6122;18541.091;63130.0;16511.2904;9566.9790811;25703.673;2105.535;-10000;10000
2019-04;2019;11114;56133;9281;3084;15272;-4;1174;3457;18541.091;63130.0;16511.2904;9566.9790811;25703.673;2105.535;-10000;10000
2019-05;2019;11918;55958;12775;3708;14610;-12;1287;4053;18541.091;63130.0;16511.2904;9566.9790811;25703.673;2105.535;-10000;10000
2019-06;2019;10517;55765;8926;5755;15624;-10;1252;-775;18541.091;63130.0;16511.2904;9566.9790811;25703.673;2105.535;-10000;10000
2019-07;2019;9180;54392;5871;5977;15392;-11;1307;-5278;18541.091;63130.0;16511.2904;9566.9790811;25703.673;2105.535;-10000;10000
2019-08;2019;9181;53998;11466;5976;14215;-4;1237;-3249;18541.091;63130.0;16511.2904;9566.9790811;25703.673;2105.535;-10000;10000
2019-09;2019;5141;52054;12454;4793;13980;-4;1219;-2022;18541.091;63130.0;16511.2904;9566.9790811;25703.673;2105.535;-10000;10000
2019-10;2019;5111;52321;13123;5744;15141;-4;1220;1071;18541.091;63130.0;16511.2904;9566.9790811;25703.673;2105.535;-10000;10000
2019-11;2019;8908;49002;5814;6585;15115;-3;1194;-1585;18541.091;63130.0;16511.2904;9566.9790811;25703.673;2105.535;-10000;10000
2019-12;2019;8194;51281;8931;6816;12613;-4;1246;-4172;18541.091;63130.0;16511.2904;9566.9790811;25703.673;2105.535;-10000;10000
2019-13;2019;6696;47255;8188;5483;11893;-4;1091;3248;18541.091;63130.0;16511.2904;9566.9790811;25703.673;2105.535;-10000;10000
2019-14;2019;6555;49189;6043;6607;10625;-3;1058;142;18541.091;63130.0;16511.2904;9566.9790811;25703.673;2105.535;-10000;10000
2019-15;2019;6505;46762;6064;6561;10381;-5;1102;-816;18541.091;63130.0;16511.2904;9566.9790811;25703.673;2105.535;-10000;10000
2019-16;2019;3469;46956;11209;4772;10288;-4;1139;1558;18541.091;63130.0;16511.2904;9566.9790811;25703.673;2105.535;-10000;10000
2019-17;2019;4482;45785;8311;6451;12650;-5;1166;-3854;18541.091;63130.0;16511.2904;9566.9790811;25703.673;2105.535;-10000;10000
2019-18;2019;4772;45142;9106;6859;13000;-7;1155;-1304;18541.091;63130.0;16511.2904;9566.9790811;25703.673;2105.535;-10000;10000
2019-19;2019;4574;46065;8889;7429;11748;-8;1136;-4765;18541.091;63130.0;16511.2904;9566.9790811;25703.673;2105.535;-10000;10000
2019-20;2019;4029;45325;3924;6548;12919;-7;1148;-2613;18541.091;63130.0;16511.2904;9566.9790811;25703.673;2105.535;-10000;10000
2019-21;2019;4032;43902;5434;7079;12065;-32;1151;-1576;18541.091;63130.0;16511.2904;9566.9790811;25703.673;2105.535;-10000;10000
2019-22;2019;4551;43310;11343;6458;11186;-42;1108;-1181;18541.091;63130.0;16511.2904;9566.9790811;25703.673;2105.535;-10000;10000
2019-23;2019;5097;42482;6139;6547;12009;-29;1102;-7686;18541.091;63130.0;16511.2904;9566.9790811;25703.673;2105.535;-10000;10000
2019-24;2019;4705;43372;4184;6859;11106;-29;1128;-5764;18541.091;63130.0;16511.2904;9566.9790811;25703.673;2105.535;-10000;10000
2019-25;2019;4939;44367;5985;6666;11256;-15;1144;1523;18541.091;63130.0;16511.2904;9566.9790811;25703.673;2105.535;-10000;10000
2019-26;2019;4493;43176;5943;6635;10832;-18;1127;-3058;18541.091;63130.0;16511.2904;9566.9790811;25703.673;2105.535;-10000;10000
2019-27;2019;4861;42030;5823;6866;9184;-20;1143;-3441;18541.091;63130.0;16511.2904;9566.9790811;25703.673;2105.535;-10000;10000
2019-28;2019;6163;41299;6847;6759;8131;-18;1169;-2147;18541.091;63130.0;16511.2904;9566.9790811;25703.673;2105.535;-10000;10000
2019-29;2019;6448;40876;5643;6407;9739;-16;1145;2689;18541.091;63130.0;16511.2904;9566.9790811;25703.673;2105.535;-10000;10000
2019-30;2019;5607;40031;8139;6724;8447;-16;1187;-2895;18541.091;63130.0;16511.2904;9566.9790811;25703.673;2105.535;-10000;10000
2019-31;2019;4054;39888;9964;6423;8769;-19;1254;104;18541.091;63130.0;16511.2904;9566.9790811;25703.673;2105.535;-10000;10000
2019-32;2019;3041;39806;8282;6486;7778;-21;1313;-3128;18541.091;63130.0;16511.2904;9566.9790811;25703.673;2105.535;-10000;10000
2019-33;2019;4243;39003;3226;6909;7941;-20;1322;-3667;18541.091;63130.0;16511.2904;9566.9790811;25703.673;2105.535;-10000;10000
2019-34;2019;5530;40594;5808;6523;9564;-19;1189;-512;18541.091;63130.0;16511.2904;9566.9790811;25703.673;2105.535;-10000;10000
2019-35;2019;5630;40550;6610;6949;8103;-18;1230;-2756;18541.091;63130.0;16511.2904;9566.9790811;25703.673;2105.535;-10000;10000
2019-36;2019;5662;42389;4012;6440;7320;-19;1208;-1283;18541.091;63130.0;16511.2904;9566.9790811;25703.673;2105.535;-10000;10000
2019-37;2019;5686;40286;8070;6664;8094;-18;1091;-1624;18541.091;63130.0;16511.2904;9566.9790811;25703.673;2105.535;-10000;10000
2019-38;2019;5155;40040;11307;5404;6948;-19;1074;-1974;18541.091;63130.0;16511.2904;9566.9790811;25703.673;2105.535;-10000;10000
2019-39;2019;5198;42301;9471;6110;7948;-6;1028;-508;18541.091;63130.0;16511.2904;9566.9790811;25703.673;2105.535;-10000;10000
2019-40;2019;5593;41353;10406;6492;8187;-5;1078;-770;18541.091;63130.0;16511.2904;9566.9790811;25703.673;2105.535;-10000;10000
2019-41;2019;6743;40565;9245;4991;11023;-6;1101;3010;18541.091;63130.0;16511.2904;9566.9790811;25703.673;2105.535;-10000;10000
2019-42;2019;6234;41211;8774;6157;11571;-5;1149;2009;18541.091;63130.0;16511.2904;9566.9790811;25703.673;2105.535;-10000;10000
2019-43;2019;7368;40595;11097;3698;12742;-5;1190;691;18541.091;63130.0;16511.2904;9566.9790811;25703.673;2105.535;-10000;10000
2019-44;2019;9550;41865;8953;4020;15406;-7;1169;1812;18541.091;63130.0;16511.2904;9566.9790811;25703.673;2105.535;-10000;10000
2019-45;2019;12696;41943;7555;3933;15275;-7;1172;7520;18541.091;63130.0;16511.2904;9566.9790811;25703.673;2105.535;-10000;10000
2019-46;2019;12343;43053;11086;4033;16068;-6;1168;8844;18541.091;63130.0;16511.2904;9566.9790811;25703.673;2105.535;-10000;10000
2019-47;2019;8660;44170;12046;3401;15182;-16;1172;538;18541.091;63130.0;16511.2904;9566.9790811;25703.673;2105.535;-10000;10000
2019-48;2019;13417;45114;12583;4326;16848;-7;1200;5885;18541.091;63130.0;16511.2904;9566.9790811;25703.673;2105.535;-10000;10000
2019-49;2019;8988;47058;13201;4085;15401;-7;1181;3344;18541.091;63130.0;16511.2904;9566.9790811;25703.673;2105.535;-10000;10000
2019-50;2019;8597;46716;12302;3456;15996;-24;1212;953;18541.091;63130.0;16511.2904;9566.9790811;25703.673;2105.535;-10000;10000
2019-51;2019;6495;49994;11871;3616;16322;-23;1203;-2578;18541.091;63130.0;16511.2904;9566.9790811;25703.673;2105.535;-10000;10000
2019-52;2019;7967;50621;3666;4447;16055;-16;1192;600;18541.091;63130.0;16511.2904;9566.9790811;25703.673;2105.535;-10000;10000
2020-00;2020;8704;52018;9171;3651;13356;-20;1201;258;18642.85;61370.0;17581.02;10380.329;25717.79;2150.48;-10000;10000
2020-01;2020;9324;54378;11147;3906;15232;-20;1207;2962;18642.85;61370.0;17581.02;10380.329;25717.79;2150.48;-10000;10000
2020-02;2020;8878;54722;12846;4118;14675;-12;1193;-2872;18642.85;61370.0;17581.02;10380.329;25717.79;2150.48;-10000;10000
2020-03;2020;11872;52674;8703;3761;16284;-3;1188;3434;18642.85;61370.0;17581.02;10380.329;25717.79;2150.48;-10000;10000
2020-04;2020;9272;51154;12955;3441;16214;-3;1200;-531;18642.85;61370.0;17581.02;10380.329;25717.79;2150.48;-10000;10000
2020-05;2020;9552;54240;13527;5395;16569;-10;1212;-2514;18642.85;61370.0;17581.02;10380.329;25717.79;2150.48;-10000;10000
2020-06;2020;9653;51173;13552;5537;16533;-9;1209;-4481;18642.85;61370.0;17581.02;10380.329;25717.79;2150.48;-10000;10000
2020-07;2020;8985;51848;11912;5900;16706;-10;1201;-1137;18642.85;61370.0;17581.02;10380.329;25717.79;2150.48;-10000;10000
2020-08;2020;9099;48480;13050;5160;16650;-9;1194;-1379;18642.85;61370.0;17581.02;10380.329;25717.79;2150.48;-10000;10000
2020-09;2020;9605;48245;11486;4417;15911;-4;1210;761;18642.85;61370.0;17581.02;10380.329;25717.79;2150.48;-10000;10000
2020-10;2020;8764;45602;12107;5918;17645;-9;1298;524;18642.85;61370.0;17581.02;10380.329;25717.79;2150.48;-10000;10000
2020-11;2020;8304;43077;9398;6250;16381;-4;1244;844;18642.85;61370.0;17581.02;10380.329;25717.79;2150.48;-10000;10000
2020-12;2020;4188;42051;12847;6591;14967;-4;1231;1495;18642.85;61370.0;17581.02;10380.329;25717.79;2150.48;-10000;10000
2020-13;2020;5066;43676;12291;7266;15378;-3;1197;2747;18642.85;61370.0;17581.02;10380.329;25717.79;2150.48;-10000;10000
2020-14;2020;702;44427;8099;7023;12814;-3;1185;965;18642.85;61370.0;17581.02;10380.329;25717.79;2150.48;-10000;10000
2020-15;2020;837;41645;10782;7365;12318;-16;1183;2698;18642.85;61370.0;17581.02;10380.329;25717.79;2150.48;-10000;10000
2020-16;2020;887;39462;6771;6149;12622;-9;1210;3901;18642.85;61370.0;17581.02;10380.329;25717.79;2150.48;-10000;10000
2020-17;2020;1337;37447;12325;5726;12906;-4;1229;812;18642.85;61370.0;17581.02;10380.329;25717.79;2150.48;-10000;10000
2020-18;2020;2285;37468;9033;7074;12983;-21;1164;-1287;18642.85;61370.0;17581.02;10380.329;25717.79;2150.48;-10000;10000
2020-19;2020;4540;37659;12239;6963;13985;-17;1145;2064;18642.85;61370.0;17581.02;10380.329;25717.79;2150.48;-10000;10000
2020-20;2020;4998;37244;7030;7349;13185;-6;1238;1568;18642.85;61370.0;17581.02;10380.329;25717.79;2150.48;-10000;10000
2020-21;2020;3431;35336;6702;7323;12128;-6;1208;-755;18642.85;61370.0;17581.02;10380.329;25717.79;2150.48;-10000;10000
2020-22;2020;5272;36026;11838;6721;11948;-7;1249;779;18642.85;61370.0;17581.02;10380.329;25717.79;2150.48;-10000;10000
2020-23;2020;5729;32248;4885;6119;12283;-7;1228;-580;18642.85;61370.0;17581.02;10380.329;25717.79;2150.48;-10000;10000
2020-24;2020;4644;32215;4915;6395;13139;-7;1198;865;18642.85;61370.0;17581.02;10380.329;25717.79;2150.48;-10000;10000
2020-25;2020;5062;30255;8839;7415;12308;-7;1188;3799;18642.85;61370.0;17581.02;10380.329;25717.79;2150.48;-10000;10000
2020-26;2020;4922;29499;8776;6611;11083;-11;1165;4313;18642.85;61370.0;17581.02;10380.329;25717.79;2150.48;-10000;10000
2020-27;2020;4267;30648;7283;7396;9543;-15;1196;5770;18642.85;61370.0;17581.02;10380.329;25717.79;2150.48;-10000;10000
2020-28;2020;4907;33422;5074;7242;9838;-15;1205;1654;18642.85;61370.0;17581.02;10380.329;25717.79;2150.48;-10000;10000
2020-29;2020;5453;34030;5516;7000;7847;-15;1181;2347;18642.85;61370.0;17581.02;10380.329;25717.79;2150.48;-10000;10000
2020-30;2020;5008;32758;8601;6976;9630;-15;1163;3730;18642.85;61370.0;17581.02;10380.329;25717.79;2150.48;-10000;10000
2020-31;2020;3870;31991;5163;7552;9088;-17;1116;2917;18642.85;61370.0;17581.02;10380.329;25717.79;2150.48;-10000;10000
2020-32;2020;4215;33616;4431;6476;8250;-17;1133;2122;18642.85;61370.0;17581.02;10380.329;25717.79;2150.48;-10000;10000
2020-33;2020;4379;32566;8668;6666;9120;-17;1155;1453;18642.85;61370.0;17581.02;10380.329;25717.79;2150.48;-10000;10000
2020-34;2020;4854;31761;10873;6650;8212;-17;1175;4790;18642.85;61370.0;17581.02;10380.329;25717.79;2150.48;-10000;10000
2020-35;2020;5582;30298;3063;7013;9501;-17;1155;6420;18642.85;61370.0;17581.02;10380.329;25717.79;2150.48;-10000;10000
2020-36;2020;5323;30614;2654;6959;8780;-16;1134;6855;18642.85;61370.0;17581.02;10380.329;25717.79;2150.48;-10000;10000
2020-37;2020;4925;30702;8337;6753;9911;-16;1096;8339;18642.85;61370.0;17581.02;10380.329;25717.79;2150.48;-10000;10000
2020-38;2020;6003;33319;12643;5326;8606;-16;1088;5787;18642.85;61370.0;17581.02;10380.329;25717.79;2150.48;-10000;10000
2020-39;2020;6904;35819;10893;5802;11327;-4;1024;2741;18642.85;61370.0;17581.02;10380.329;25717.79;2150.48;-10000;10000
2020-40;2020;5473;38301;11554;5036;11982;-4;1334;26;18642.85;61370.0;17581.02;10380.329;25717.79;2150.48;-10000;10000
2020-41;2020;6531;40765;5963;6213;12025;-4;1028;5046;18642.85;61370.0;17581.02;10380.329;25717.79;2150.48;-10000;10000
2020-42;2020;5940;41417;13432;5407;12032;-5;1345;1179;18642.85;61370.0;17581.02;10380.329;25717.79;2150.48;-10000;10000
2020-43;2020;5007;41640;12051;5232;12438;-4;1381;-1779;18642.85;61370.0;17581.02;10380.329;25717.79;2150.48;-10000;10000
2020-44;2020;7570;43900;12101;5319;13143;-5;1172;1348;18642.85;61370.0;17581.02;10380.329;25717.79;2150.48;-10000;10000
2020-45;2020;8022;45478;13500;4432;14595;-5;1174;-3739;18642.85;61370.0;17581.02;10380.329;25717.79;2150.48;-10000;10000
2020-46;2020;8944;46986;11579;5175;11336;-5;1123;269;18642.85;61370.0;17581.02;10380.329;25717.79;2150.48;-10000;10000
2020-47;2020;10420;47927;7048;4478;14560;-5;1172;3214;18642.85;61370.0;17581.02;10380.329;25717.79;2150.48;-10000;10000
2020-48;2020;12182;47618;12198;4093;15106;-6;1155;6998;18642.85;61370.0;17581.02;10380.329;25717.79;2150.48;-10000;10000
2020-49;2020;11539;46962;9860;2871;14957;-6;1140;9316;18642.85;61370.0;17581.02;10380.329;25717.79;2150.48;-10000;10000
2020-50;2020;9942;48421;11378;3062;14949;-5;1164;2033;18642.85;61370.0;17581.02;10380.329;25717.79;2150.48;-10000;10000
2020-51;2020;6310;50163;13240;3501;12863;-6;1159;1268;18642.85;61370.0;17581.02;10380.329;25717.79;2150.48;-10000;10000
2020-52;2020;6332;50832;9230;2789;13966;-6;1125;2893;18642.85;61370.0;17581.02;10380.329;25717.79;2150.48;-10000;10000
2021-00;2021;7163;51529;2788;2553;10408;-12;1160;6259;17978.6;61370.0;18782.9;13066.86;25717.97;2213.48;-10000;10000
2021-01;2021;12291;52063;5944;3909;17882;-3;1159;8403;17978.6;61370.0;18782.9;13066.86;25717.97;2213.48;-10000;10000
2021-02;2021;11719;52028;11749;3615;17789;-3;1169;5984;17978.6;61370.0;18782.9;13066.86;25717.97;2213.48;-10000;10000
2021-03;2021;10579;51437;13661;4557;16551;-12;1178;346;17978.6;61370.0;18782.9;13066.86;25717.97;2213.48;-10000;10000
2021-04;2021;11292;50536;13129;3996;16902;-3;1196;3100;17978.6;61370.0;18782.9;13066.86;25717.97;2213.48;-10000;10000
2021-05;2021;8729;49933;12630;2915;15363;-29;1186;609;17978.6;61370.0;18782.9;13066.86;25717.97;2213.48;-10000;10000
2021-06;2021;11410;48654;10605;4639;17302;-20;1140;5686;17978.6;61370.0;18782.9;13066.86;25717.97;2213.48;-10000;10000
2021-07;2021;9814;45143;12254;5873;16167;-20;1192;3744;17978.6;61370.0;18782.9;13066.86;25717.97;2213.48;-10000;10000
2021-08;2021;8169;43986;9490;6420;15586;-21;1229;-585;17978.6;61370.0;18782.9;13066.86;25717.97;2213.48;-10000;10000
2021-09;2021;8991;43963;6844;4729;16303;-3;1203;1718;17978.6;61370.0;18782.9;13066.86;25717.97;2213.48;-10000;10000
2021-10;2021;9886;45318;14523;4704;15926;-3;1186;2425;17978.6;61370.0;18782.9;13066.86;25717.97;2213.48;-10000;10000
2021-11;2021;8248;45741;11218;5316;15002;-3;1121;3304;17978.6;61370.0;18782.9;13066.86;25717.97;2213.48;-10000;10000
2021-12;2021;7541;44932;9420;5578;13578;-3;1112;3435;17978.6;61370.0;18782.9;13066.86;25717.97;2213.48;-10000;10000
2021-13;2021;6634;41842;10427;8038;11812;-4;1133;2883;17978.6;61370.0;18782.9;13066.86;25717.97;2213.48;-10000;10000
2021-14;2021;6531;39787;8494;8079;11360;-3;1117;11999;17978.6;61370.0;18782.9;13066.86;25717.97;2213.48;-10000;10000
2021-15;2021;6859;39448;6039;7830;11052;-3;1085;8645;17978.6;61370.0;18782.9;13066.86;25717.97;2213.48;-10000;10000
2021-16;2021;6319;38421;10071;8542;8849;-3;1104;5305;17978.6;61370.0;18782.9;13066.86;25717.97;2213.48;-10000;10000
2021-17;2021;5205;39146;9805;6579;8668;-4;1134;2913;17978.6;61370.0;18782.9;13066.86;25717.97;2213.48;-10000;10000
2021-18;2021;4128;38348;12727;8236;10357;-6;1137;5131;17978.6;61370.0;18782.9;13066.86;25717.97;2213.48;-10000;10000
2021-19;2021;3278;39488;9382;6571;12079;-7;1156;-561;17978.6;61370.0;18782.9;13066.86;25717.97;2213.48;-10000;10000
2021-20;2021;3704;41378;12350;7941;12076;-35;1102;-3246;17978.6;61370.0;18782.9;13066.86;25717.97;2213.48;-10000;10000
2021-21;2021;3720;40290;11113;8017;11685;-16;1112;-3843;17978.6;61370.0;18782.9;13066.86;25717.97;2213.48;-10000;10000
2021-22;2021;3219;40332;4930;8298;11839;-41;1077;-3691;17978.6;61370.0;18782.9;13066.86;25717.97;2213.48;-10000;10000
2021-23;2021;3633;39969;3098;7832;11809;-35;1093;-1282;17978.6;61370.0;18782.9;13066.86;25717.97;2213.48;-10000;10000
2021-24;2021;4468;38634;6121;8339;11877;-17;1018;-1318;17978.6;61370.0;18782.9;13066.86;25717.97;2213.48;-10000;10000
2021-25;2021;3430;40563;3964;7251;10879;-12;1121;-5244;17978.6;61370.0;18782.9;13066.86;25717.97;2213.48;-10000;10000
2021-26;2021;4660;40949;4132;7866;10831;-21;1211;-4904;17978.6;61370.0;18782.9;13066.86;25717.97;2213.48;-10000;10000
2021-27;2021;5549;40712;9515;8021;10161;-22;1239;-3153;17978.6;61370.0;18782.9;13066.86;25717.97;2213.48;-10000;10000
2021-28;2021;4512;39199;7650;8865;10043;-18;1238;-1136;17978.6;61370.0;18782.9;13066.86;25717.97;2213.48;-10000;10000
2021-29;2021;5692;41306;6273;8908;10644;-17;1267;-3988;17978.6;61370.0;18782.9;13066.86;25717.97;2213.48;-10000;10000
2021-30;2021;3654;42623;10220;7419;9734;-17;1350;-4152;17978.6;61370.0;18782.9;13066.86;25717.97;2213.48;-10000;10000
2021-31;2021;1607;40867;9165;6780;9707;-19;1238;-3074;17978.6;61370.0;18782.9;13066.86;25717.97;2213.48;-10000;10000
2021-32;2021;2893;38427;6171;8134;10693;-20;1113;-2094;17978.6;61370.0;18782.9;13066.86;25717.97;2213.48;-10000;10000
2021-33;2021;3066;42328;6762;7713;9443;-19;1114;-6877;17978.6;61370.0;18782.9;13066.86;25717.97;2213.48;-10000;10000
2021-34;2021;1894;41939;8213;8091;8191;-19;1140;-7176;17978.6;61370.0;18782.9;13066.86;25717.97;2213.48;-10000;10000
2021-35;2021;3378;44178;6930;8288;9208;-19;1202;-3404;17978.6;61370.0;18782.9;13066.86;25717.97;2213.48;-10000;10000
2021-36;2021;6403;43685;6598;8374;8718;-19;1204;-5364;17978.6;61370.0;18782.9;13066.86;25717.97;2213.48;-10000;10000
2021-37;2021;5650;42147;3759;7309;8888;-18;1172;-3243;17978.6;61370.0;18782.9;13066.86;25717.97;2213.48;-10000;10000
2021-38;2021;6360;41492;3513;8337;8406;-18;1128;-1333;17978.6;61370.0;18782.9;13066.86;25717.97;2213.48;-10000;10000
2021-39;2021;5971;41809;14060;7838;9488;-6;1112;-740;17978.6;61370.0;18782.9;13066.86;25717.97;2213.48;-10000;10000
2021-40;2021;6870;42892;10918;7942;12163;-5;1096;-3888;17978.6;61370.0;18782.9;13066.86;25717.97;2213.48;-10000;10000
2021-41;2021;6948;44550;3810;8201;8118;-5;1141;1987;17978.6;61370.0;18782.9;13066.86;25717.97;2213.48;-10000;10000
2021-42;2021;6973;43497;13885;7580;10405;-6;1144;-483;17978.6;61370.0;18782.9;13066.86;25717.97;2213.48;-10000;10000
2021-43;2021;7942;44409;12433;6975;8916;-5;1231;950;17978.6;61370.0;18782.9;13066.86;25717.97;2213.48;-10000;10000
2021-44;2021;10539;42805;9910;6052;11926;-7;1222;4722;17978.6;61370.0;18782.9;13066.86;25717.97;2213.48;-10000;10000
2021-45;2021;11979;43740;6516;6173;13233;-7;1237;6035;17978.6;61370.0;18782.9;13066.86;25717.97;2213.48;-10000;10000
2021-46;2021;10923;44534;5982;5407;13782;-7;1207;6246;17978.6;61370.0;18782.9;13066.86;25717.97;2213.48;-10000;10000
2021-47;2021;11309;43505;11779;4976;13997;-6;1194;9973;17978.6;61370.0;18782.9;13066.86;25717.97;2213.48;-10000;10000
2021-48;2021;11428;44475;12663;4120;15006;-7;1155;10831;17978.6;61370.0;18782.9;13066.86;25717.97;2213.48;-10000;10000
