Date;Point_max;Consommation (MW);Thermique (MW);Nucléaire (MW);Eolien (MW);Solaire (MW);Hydraulique (MW);Pompage (MW);Bioénergies (MW);Ech. physiques (MW);Production totale (MW);temp;humidite;nebulosite;rafale_periode;vitesse_vent;pluie_3h;pluie_6h;pluie_12h;pluie_24h;year;week
2015-01-04;2015-01-02T19:00:00+01:00;75334;5802;58730;1659;0;13493;-57;892;-5184;80519;4.806957417582439;83.13063186813187;86.58513049450549;5.620075549450549;3.219855769230769;1.8692307692307693;3.869230769230769;7.138461538461538;8.7;2015;1
2015-01-11;2015-01-06T19:00:00+01:00;83939;10748;60182;1686;0;14494;-4;863;-4034;87969;3.56385812905046;87.40841258100873;87.2489081431389;4.62595960129614;2.5747240419836572;0.6000000000000001;1.2538461538461538;2.0923076923076924;2.5384615384615383;2015;2
2015-01-18;2015-01-12T19:00:00+01:00;77277;5515;59712;6353;0;13682;-10;953;-8923;86205;7.211442307692332;74.16092032967033;82.01974587912088;8.794203296703298;5.082142857142857;0.7846153846153846;1.6076923076923075;2.5307692307692307;14.484615384615385;2015;3
2015-01-25;2015-01-22T19:00:00+01:00;86687;11092;60563;1394;0;14959;-10;899;-2208;88897;2.5467651098901314;84.5614010989011;77.51926510989011;5.002026098901099;2.7462774725274723;1.7538461538461538;5.184615384615385;21.03846153846154;68.33076923076922;2015;4
2015-02-01;2015-01-26T19:00:00+01:00;82818;10656;59867;3226;0;13660;-4;950;-5534;88355;5.259333791208816;82.47987637362637;93.81102335164836;6.306524725274725;3.7814903846153842;5.261538461538462;10.015384615384615;16.03846153846154;18.700000000000003;2015;5
2015-02-08;2015-02-06T19:00:00+01:00;91933;11506;58914;6673;0;14907;-19;935;-986;92916;0.9034874260355269;70.90532544378698;79.19332470414201;10.96353550295858;6.414977810650887;1.7307692307692308;3.5615384615384618;8.723076923076922;21.376923076923074;2015;6
2015-02-15;2015-02-09T09:00:00+01:00;83825;10578;57478;1249;454;12991;-11;924;162;83663;3.0996531593406833;75.58959478021978;60.75;5.100954670329671;2.787355769230769;-0.03846153846153846;-0.03076923076923077;-0.04615384615384615;0.061538461538461535;2015;7
2015-02-22;2015-02-19T09:30:00+01:00;79080;9889;54788;1487;1167;12923;-10;931;-2094;81175;4.687603021978044;79.06868131868131;74.74773351648352;5.467053571428571;3.068653846153846;2.1461538461538465;3.5999999999999996;4.061538461538461;4.269230769230768;2015;8
2015-03-01;2015-02-24T19:30:00+01:00;78722;9437;54407;3929;0;14409;-18;940;-4383;83104;5.935096153846178;76.39574175824175;73.8643543956044;9.454093406593406;5.545714285714286;9.138461538461538;20.623076923076926;45.661538461538456;106.4923076923077;2015;9
2015-03-08;2015-03-06T08:30:00+01:00;75701;8691;50972;1024;718;14982;-49;924;-1563;77262;6.339506688963234;63.748736860965124;57.75996625656952;4.5993976946966075;2.587403547539417;0.007692307692307693;0.02307692307692308;0.03846153846153847;2.1999999999999997;2015;10
2015-03-15;2015-03-10T19:30:00+01:00;69295;7300;51064;1144;0;13270;-4;920;-4399;73694;9.386483516483539;79.37760989010988;87.40350274725276;4.453722527472528;2.3713736263736265;0.5846153846153845;1.2846153846153845;2.0153846153846158;2.661538461538461;2015;11
2015-03-22;2015-03-16T09:00:00+01:00;71126;9037;51616;547;692;11330;-13;915;-3002;74124;7.462025014459245;75.16477009832273;72.6593515037594;5.16608245373048;2.5366132880277616;8.223076923076922;14.930769230769231;28.47692307692308;68.71538461538461;2015;12
2015-03-29;2015-03-26T09:30:00+01:00;72643;7682;50202;3774;1636;10503;-4;882;-2032;74675;7.279308608058631;79.78940018315019;71.69720695970696;7.961888736263736;4.311236263736264;5.046153846153847;9.823076923076924;20.53076923076923;50.13076923076923;2015;13
2015-04-05;2015-04-02T09:30:00+02:00;68495;5064;48090;5835;900;11704;-5;907;-4003;72495;9.293489010989035;76.72864010989011;82.38804945054946;8.589423076923076;4.759821428571429;3.4538461538461536;7.315384615384616;12.946153846153846;20.36923076923077;2015;14
2015-04-12;2015-04-07T09:30:00+02:00;67379;5348;46562;1388;1674;10656;-4;791;967;66415;9.306078296703317;56.329807692307696;42.18389423076923;7.37239010989011;3.895528846153846;0.10769230769230768;0.21538461538461537;0.4076923076923077;0.5615384615384615;2015;15
2015-04-19;2015-04-13T09:30:00+02:00;56312;5112;43611;244;1695;9094;-5;738;-4179;60489;14.118571428571453;67.37101648351648;46.579670329670336;5.159306318681319;2.255212912087912;0.10000000000000002;0.20000000000000004;0.4000000000000001;0.7538461538461539;2015;16
2015-04-26;2015-04-20T12:00:00+02:00;56006;3821;42049;749;3012;9293;-24;719;-3614;59619;12.993255494505519;65.01197344322344;51.057657967032966;6.239785943223443;3.2322836538461535;2.5384615384615383;6.038461538461538;15.323076923076922;55.93846153846154;2015;17
2015-05-03;2015-04-30T13:00:00+02:00;59351;2818;44427;2296;3222;10582;-24;835;-4809;64156;11.535600850762163;77.1686746721021;81.3699430609713;6.292708259482453;3.244801931939029;13.784615384615385;23.246153846153845;41.15384615384615;56.96923076923077;2015;18
2015-05-10;2015-05-06T13:00:00+02:00;55903;1123;40909;6498;3458;9910;-44;820;-6775;62674;13.721583896872382;68.80163250211328;62.771621407438715;9.654238958157228;5.154546174978867;2.9923076923076923;6.161538461538461;12.623076923076923;26.638461538461538;2015;19
2015-05-17;2015-05-12T13:00:00+02:00;54380;870;42592;1451;3585;11144;-43;862;-6079;60461;17.47782242158175;69.56187329006808;73.97501587793926;6.123473320517366;3.069057912724166;0.09230769230769233;0.19230769230769235;0.39230769230769236;0.6846153846153846;2015;20
2015-05-24;2015-05-20T12:00:00+02:00;57087;862;44528;1803;3144;10449;-30;793;-4460;61549;11.442884615384639;68.96373626373627;65.26373626373626;7.764690934065934;4.210336538461538;5.523076923076923;11.23076923076923;21.22307692307692;48.23076923076923;2015;21
2015-05-31;2015-05-28T13:00:00+02:00;55114;758;45361;1951;3890;7485;-13;856;-5170;60288;15.5894230769231;66.82012362637363;65.30322802197803;6.247977335164834;3.184299450549451;0.10769230769230768;0.19230769230769232;0.39230769230769236;0.6846153846153846;2015;22
2015-06-07;2015-06-05T13:00:00+02:00;56847;1731;44328;721;4026;10946;-8;794;-5694;62538;22.399127492877515;63.43917378917379;54.317886396011396;6.516631054131054;3.2404825498575502;0.2923076923076923;0.5846153846153846;0.8153846153846154;0.8538461538461538;2015;23
2015-06-14;2015-06-11T13:00:00+02:00;55975;1840;45428;1204;3345;10247;-8;801;-6882;62857;21.00775786713289;68.21097027972029;69.82451923076923;6.734851398601399;3.4973470279720282;6.8538461538461535;11.438461538461537;16.892307692307693;49.4076923076923;2015;24
2015-06-21;2015-06-18T12:00:00+02:00;55194;1583;41522;1798;3146;11299;-8;828;-4974;60168;18.10899038461541;75.43131868131869;74.70346840659342;6.8427678571428565;3.661923076923077;2.0384615384615383;3.8846153846153846;6.546153846153847;8.207692307692309;2015;25
2015-06-28;2015-06-26T13:00:00+02:00;56014;959;45897;796;4115;10673;-8;854;-7271;63286;21.672190934065956;58.44230769230769;71.54824862637362;5.444807692307692;2.6927747252747256;0.10769230769230768;0.16923076923076924;0.22307692307692306;0.2538461538461539;2015;26
2015-07-05;2015-07-01T13:00:00+02:00;58969;3681;43343;1621;3978;8584;-16;729;-2947;61920;25.70022664835167;57.88598901098901;55.88684752747253;6.843677884615384;3.463770604395604;0.5;1.0;1.9538461538461538;2.784615384615385;2015;27
2015-07-12;2015-07-07T13:00:00+02:00;58746;3876;45345;2000;3419;9161;-48;843;-5847;64596;23.00768543956046;65.42101648351648;65.40281593406593;7.483307005494505;3.7828228021978023;2.2153846153846155;4.046153846153846;7.284615384615384;8.223076923076922;2015;28
2015-07-19;2015-07-16T13:00:00+02:00;58588;3958;48270;693;3926;7765;-16;854;-6861;65450;25.17259615384618;61.3456043956044;54.596668956043956;6.475377747252747;3.2877197802197804;0.2;0.37692307692307697;0.5846153846153845;2.9692307692307693;2015;29
2015-07-26;2015-07-21T13:00:00+02:00;58251;3048;45667;520;3771;5449;-65;846;-984;59236;23.89491758241761;68.9231456043956;66.61658653846153;5.965989010989011;2.937081043956044;0.43076923076923074;0.8846153846153846;2.330769230769231;9.938461538461537;2015;30
2015-08-02;2015-07-29T13:00:00+02:00;53479;816;46811;2164;2671;6271;-16;864;-6105;59581;17.719271313364075;68.53763071605815;69.09560550336761;6.980409207727756;3.7682459677419353;4.6;9.061538461538461;21.73076923076923;40.98461538461538;2015;31
2015-08-09;2015-08-06T13:00:00+02:00;51507;775;43732;845;3846;5421;-60;861;-3915;55420;23.47212668380009;62.76740074441687;64.04947935129387;5.749493530662885;2.7514476249556896;0.10000000000000002;0.2692307692307693;1.3923076923076922;5.238461538461538;2015;32
2015-08-16;2015-08-12T13:00:00+02:00;50306;661;45461;991;3836;6863;-27;870;-8350;58655;24.781856611130827;64.5964861751152;68.49693703473946;6.242039945941155;3.250087513293159;0.676923076923077;1.1846153846153846;2.069230769230769;9.653846153846153;2015;33
2015-08-23;2015-08-21T13:00:00+02:00;50692;586;48096;305;4179;5184;-70;923;-8517;59203;21.771398871398898;63.17922297297297;48.80147386397387;4.780754473566973;2.1459130902880905;0.07692307692307693;0.14615384615384613;0.33076923076923076;4.2153846153846155;2015;34
2015-08-30;2015-08-27T13:00:00+02:00;54745;1585;43600;1562;3056;6789;-17;893;-2722;57468;19.172493131868155;77.17156593406594;84.24192994505493;6.441284340659341;3.270618131868132;16.984615384615385;30.584615384615386;53.05384615384616;73.88461538461539;2015;35
2015-09-06;2015-08-31T13:00:00+02:00;55576;3525;43248;1780;2791;7832;-17;859;-4449;60018;22.121635944700486;72.11321118397731;76.98902206664303;6.978751329315846;3.6070057160581355;19.27692307692308;27.361538461538462;41.08461538461539;45.33846153846154;2015;36
2015-09-13;2015-09-09T12:00:00+02:00;54441;2167;47878;1151;3753;4893;-17;845;-6229;60670;17.26508928571431;63.80418956043956;47.62740384615385;5.374584478021978;3.064271978021978;0.1076923076923077;0.18461538461538465;0.3692307692307692;0.676923076923077;2015;37
2015-09-20;2015-09-16T12:00:00+02:00;57031;3264;44124;5690;1817;7081;-17;871;-5795;62830;18.44048125120496;79.49357889917101;91.86068536726431;11.251561234817814;5.900450163871216;25.553846153846152;53.76153846153846;104.12307692307692;160.8;2015;38
2015-09-27;2015-09-23T12:00:00+02:00;55961;5251;41259;2063;2806;6322;-43;848;-2545;58506;13.440190923135244;74.26100437471459;67.34163384416203;6.956889808080955;3.849925986922008;2.1999999999999997;5.769230769230769;18.3;60.407692307692315;2015;39
2015-10-04;2015-10-02T09:30:00+02:00;56797;6210;43870;1709;836;8336;-5;888;-5046;61844;12.854539835164859;73.0032967032967;64.12431318681318;5.6699725274725274;3.036318681318681;16.93846153846154;38.1;82.79230769230769;133.27692307692308;2015;40
2015-10-11;2015-10-09T09:30:00+02:00;57266;5798;46815;720;966;9440;-5;778;-7240;64512;12.532554945054967;77.42465659340658;61.47657967032967;4.759375;2.6886332417582417;1.6846153846153848;1.7846153846153845;2.0384615384615383;2.9076923076923076;2015;41
2015-10-18;2015-10-16T09:30:00+02:00;68309;7667;48145;930;745;9985;-5;752;87;68219;8.11799450549453;79.53056318681318;76.99433379120879;4.694649725274726;2.5583928571428567;1.7307692307692308;3.4769230769230766;7.538461538461538;16.284615384615385;2015;42
2015-10-25;2015-10-21T19:30:00+02:00;66034;7643;49055;1980;-1;10028;-15;847;-3500;69537;10.421696428571453;81.15989010989011;88.4770260989011;5.113715659340659;2.8671153846153845;1.776923076923077;3.353846153846154;5.392307692307693;6.6000000000000005;2015;43
2015-11-01;2015-10-29T19:00:00+01:00;63633;7200;47047;1963;-1;10360;-13;932;-3854;67488;11.833079212454235;86.38138736263735;84.24736721611723;5.4836263736263735;3.071742216117216;2.430769230769231;6.015384615384615;22.53846153846154;97.73076923076923;2015;44
2015-11-08;2015-11-03T19:00:00+01:00;65731;9913;49681;3240;-1;7951;-6;986;-6034;71764;12.479392610594557;82.93552761341222;88.43204511834318;7.012968089602705;3.764085834037757;17.746153846153845;35.46153846153846;66.11538461538461;102.45384615384614;2015;45
2015-11-15;2015-11-12T19:00:00+01:00;64403;8318;50584;1208;-1;9578;-6;1030;-6308;70711;11.617087912087937;86.50831043956045;87.00374313186813;3.901119505494506;2.208138736263736;0.22307692307692306;0.4615384615384616;0.9846153846153847;1.9692307692307693;2015;46
2015-11-22;2015-11-22T19:30:00+01:00;66353;8206;52444;1635;-1;8340;-15;997;-5247;71606;4.372622297057803;75.81438762850054;70.70427707373273;6.7881493707905;3.453204315845445;5.907692307692307;12.284615384615384;27.46153846153846;86.5076923076923;2015;47
2015-11-29;2015-11-24T19:00:00+01:00;80414;10520;53016;4135;-1;12984;-6;1017;-1249;81665;4.2363068181818395;83.17224650349651;82.9780812937063;6.656936188811189;3.811918706293706;7.276923076923078;13.03076923076923;21.984615384615385;28.423076923076923;2015;48
2015-12-06;2015-12-03T19:00:00+01:00;74713;9325;54971;4310;-1;12051;-6;1020;-6956;81670;7.393358516483539;81.55302197802197;82.50638736263735;5.606298076923077;3.2610370879120882;0.5846153846153846;0.9076923076923078;0.9153846153846152;0.8461538461538461;2015;49
2015-12-13;2015-12-10T19:00:00+01:00;78412;9450;58461;2685;-1;13996;-7;1025;-7202;85609;5.136421703296725;85.31902472527472;74.90594093406594;5.343355082417583;3.0829120879120877;0.07692307692307693;0.13076923076923078;0.3230769230769231;2.5461538461538464;2015;50
2015-12-20;2015-12-14T19:00:00+01:00;75573;9816;58600;2643;-1;12156;-7;1017;-8649;84224;6.817626796280665;87.02087031558185;79.45146872358411;5.34731191885038;3.0532306635672017;0.5230769230769231;1.0769230769230769;1.9076923076923078;2.3461538461538463;2015;51
2015-12-27;2015-12-21T19:00:00+01:00;66446;5315;54614;7116;-1;8296;-328;1027;-9594;76039;10.665920329670353;84.46627747252748;74.88873626373626;8.378190247252748;4.78364010989011;7.161538461538461;13.946153846153845;26.207692307692305;41.91538461538461;2015;52
2016-01-03;2015-12-30T19:00:00+01:00;65665;2864;54088;6796;-1;7433;-6;1033;-6544;72207;8.512476401803347;80.66410025650741;80.15391170776616;7.986388346401609;4.6316003050883685;2.4153846153846152;3.5846153846153848;4.13076923076923;12.561538461538463;2015;53
2016-01-10;2016-01-05T19:00:00+01:00;76977;7969;57849;4326;-1;14124;-5;1051;-8332;85313;7.612211538461561;83.54752747252748;88.2395260989011;8.867029532967033;4.757870879120879;12.7;22.915384615384614;47.84615384615385;100.06153846153846;2016;1
2016-01-17;2016-01-15T19:00:00+01:00;82711;10428;58491;5896;-1;14062;-5;1031;-7189;89902;3.689162087912109;75.27465659340659;67.92290521978022;9.047857142857143;4.93548076923077;2.7;6.592307692307693;16.97692307692308;51.5923076923077;2016;2
2016-01-24;2016-01-18T19:00:00+01:00;88730;11616;58996;1886;-1;15818;-5;1045;-623;89355;1.2009890109890335;80.3918956043956;92.29004120879121;6.159938186813187;3.4231524725274727;14.0;26.0;46.26923076923077;64.1923076923077;2016;3
2016-01-31;2016-01-28T19:00:00+01:00;74638;9002;57467;723;-1;13286;-6;1091;-6925;81562;8.601458259482476;84.31602047146401;83.29134726160936;4.751588310882666;2.569537176533144;5.246153846153846;11.407692307692308;29.423076923076923;69.78461538461539;2016;4
2016-02-07;2016-02-03T19:00:00+01:00;76802;5113;59343;4379;-1;16183;-15;993;-9194;85995;7.265576923076948;77.11538461538461;77.06936813186813;9.364567307692308;4.87217032967033;7.107692307692308;15.3;32.63846153846154;64.5153846153846;2016;5
2016-02-14;2016-02-10T19:00:00+01:00;78526;5968;55647;3331;-1;14186;-18;1036;-1623;80149;5.699779867568351;73.73522118906735;76.4094507255565;10.565563362919132;5.492458967314737;9.615384615384615;22.43846153846154;61.73846153846154;207.0;2016;6
2016-02-21;2016-02-17T19:00:00+01:00;82502;11554;55172;874;-1;14037;-25;1047;-154;82658;2.378585164835187;78.2459478021978;75.58705357142857;4.9466552197802205;2.692967032967033;3.3307692307692305;5.592307692307693;7.423076923076923;9.153846153846153;2016;7
2016-02-28;2016-02-26T09:00:00+01:00;75969;8245;54938;1094;864;14664;-28;1076;-4883;80853;4.693465236686412;71.52352423217808;82.81466610312765;5.25761517328825;2.895637327416174;0.46923076923076923;0.976923076923077;3.123076923076923;17.04615384615385;2016;8
2016-03-06;2016-02-29T19:30:00+01:00;79100;7681;53713;3308;-1;14959;-12;1007;-1555;80655;4.98261834319529;70.06645886165117;73.47520868554523;9.779462876866724;5.335642786700479;1.7692307692307692;4.43076923076923;13.961538461538462;45.8;2016;9
2016-03-13;2016-03-07T19:30:00+01:00;79159;9292;53897;2305;-1;15076;-74;1027;-2361;81522;4.1320017482517715;76.64916958041958;78.35788898601399;6.566625874125875;3.530358391608391;4.423076923076923;8.63076923076923;15.415384615384616;26.123076923076926;2016;10
2016-03-20;2016-03-16T19:30:00+01:00;76735;8826;52049;4416;-1;13334;-12;1047;-2924;79659;6.231251970392959;71.15488544474394;88.52966130839407;9.425366233911227;5.293371511773182;6.8538461538461535;13.153846153846153;23.192307692307693;27.73846153846154;2016;11
2016-03-27;2016-03-23T19:30:00+01:00;69357;7853;49031;2440;0;12968;-4;1050;-3981;73338;8.380114308768178;68.0715012551551;65.32607416621839;8.158364600143447;4.598574054150977;0.5615384615384615;1.123076923076923;1.9461538461538461;3.0461538461538464;2016;12
2016-04-03;2016-04-01T09:30:00+02:00;69563;8142;45549;1580;768;11029;-5;965;1532;68028;8.322503766394918;78.3993641439206;75.84867954626019;5.730842121588089;3.03976803438497;5.06923076923077;11.96923076923077;33.04615384615385;96.92307692307692;2016;13
2016-04-10;2016-04-08T09:30:00+02:00;66116;6538;46469;1097;1462;12079;-5;941;-2465;68581;8.452465034965059;74.88876748251748;77.65362762237763;6.530983391608392;3.649313811188811;2.9538461538461536;5.938461538461539;13.084615384615384;30.492307692307694;2016;14
2016-04-17;2016-04-12T09:30:00+02:00;61014;6976;44813;1050;1620;10458;-5;906;-4805;65818;11.918193681318703;75.35776098901098;71.82228708791209;5.441188186813187;2.8180494505494504;5.653846153846154;10.346153846153847;19.846153846153847;46.04615384615385;2016;15
2016-04-24;2016-04-18T09:30:00+02:00;62431;5296;42800;379;1878;13022;-5;891;-1833;64261;9.127607453030864;67.46821901217062;51.74876299775493;5.325441480562448;2.8407692307692307;1.146153846153846;3.292307692307692;12.284615384615384;50.93846153846153;2016;16
2016-05-01;2016-04-27T09:30:00+02:00;66335;6956;43849;1657;2023;12667;-5;888;-1694;68035;7.777382889546373;65.78091715976332;69.23986070019724;6.9418750000000005;3.569344181459566;1.8461538461538463;3.569230769230769;9.023076923076925;26.707692307692305;2016;17
2016-05-08;2016-05-02T09:30:00+02:00;61065;4431;42351;1280;2153;11786;-8;946;-1875;62939;11.710332488024818;69.20014088475627;75.1021414482953;6.752909446322908;3.6902958579881657;0.7384615384615386;1.6461538461538463;4.8;16.4;2016;18
2016-05-15;2016-05-13T12:00:00+02:00;55790;2318;43757;1535;1963;12378;-7;959;-7112;62903;14.772413448562258;83.2814286085035;88.94902696830835;6.65222299461672;3.5466467945010454;9.053846153846154;17.015384615384615;32.176923076923075;67.5;2016;19
2016-05-22;2016-05-19T12:00:00+02:00;56368;3920;41974;2319;2898;11863;-7;881;-7481;63848;13.049798635558666;75.32698945899776;84.43309818854256;8.48440125353946;4.516338434186727;7.1461538461538465;11.546153846153846;20.96153846153846;53.207692307692305;2016;20
2016-05-29;2016-05-23T12:00:00+02:00;56096;3565;42214;2553;3327;11217;-36;869;-7607;63709;12.602731481481502;75.56349715099715;75.90941061253561;8.404699074074074;4.509227207977208;12.607692307692307;24.684615384615384;48.02307692307692;149.16153846153844;2016;21
2016-06-05;2016-05-31T12:00:00+02:00;56307;4288;40807;3948;2292;11166;-51;876;-7022;63326;14.490506656804756;83.57496301775147;84.49852071005918;8.76530325443787;4.885506656804734;25.346153846153847;50.98461538461539;113.56153846153846;230.1846153846154;2016;22
2016-06-12;2016-06-08T12:00:00+02:00;53428;1852;43888;411;4046;11478;-91;838;-8996;62422;19.245530340213985;75.1625541383761;67.31551510420928;5.250567424717549;2.767638067061144;2.407692307692308;5.846153846153846;18.26923076923077;44.33076923076923;2016;23
2016-06-19;2016-06-15T13:00:00+02:00;54045;4868;40133;1565;3582;10870;-18;866;-7822;61866;15.804860643388894;76.70942928039702;83.16482962601914;6.245012628500532;3.155589994682737;17.676923076923078;30.946153846153848;60.0923076923077;107.43076923076923;2016;24
2016-06-26;2016-06-23T13:00:00+02:00;55621;4739;37427;1095;4450;12066;-9;832;-4978;60600;23.430063157664637;70.26146005188446;61.662165301541954;6.186659027312211;3.1218185428629726;5.723076923076923;11.038461538461538;22.184615384615384;37.58461538461539;2016;25
2016-07-03;2016-06-30T12:00:00+02:00;55063;4326;39203;2389;2930;10679;-13;1020;-5472;60534;19.41180295562587;77.74852951535644;87.92105710150064;6.834361777852008;3.617353599151056;2.053846153846154;4.8076923076923075;10.3;21.04615384615385;2016;26
2016-07-10;2016-07-07T13:00:00+02:00;55932;3643;43481;197;4725;7795;-23;934;-4817;60752;20.92141546131933;63.20189568266491;63.07839551829936;4.171945540214771;2.082903928336621;0.24615384615384617;0.33076923076923076;0.40769230769230774;0.6384615384615385;2016;27
2016-07-17;2016-07-11T13:00:00+02:00;55184;2003;40505;3176;2671;9543;-54;958;-3618;58802;20.53982829670332;72.16414835164835;80.33870192307693;6.517160027472528;3.5168337912087915;4.446153846153846;8.415384615384616;15.876923076923077;22.623076923076926;2016;28
2016-07-24;2016-07-19T13:00:00+02:00;57074;4995;37064;906;4784;9129;-18;922;-709;57782;25.90964972527475;53.935302197802194;50.278331043956044;5.618385989010989;3.162843406593406;0.007692307692307693;0.02307692307692308;0.06153846153846154;0.16153846153846155;2016;29
2016-07-31;2016-07-26T13:00:00+02:00;54397;5270;37674;754;4160;9398;-52;920;-3728;58124;21.091467249855434;67.37381434355119;71.36890001445923;5.616465442452284;3.0357753759398496;0.6923076923076923;1.3846153846153846;1.6615384615384614;2.3076923076923075;2016;30
2016-08-07;2016-08-03T13:00:00+02:00;51163;2121;38483;3183;4361;7085;-20;953;-5001;56166;21.442677848467348;71.21770170618855;81.70342322151532;6.758709875650665;3.6759832272990165;6.430769230769231;12.53076923076923;22.623076923076926;41.715384615384615;2016;31
2016-08-14;2016-08-08T13:00:00+02:00;48726;1836;37324;1732;4137;6787;-71;970;-3991;52715;20.61969584970489;65.97603510529999;68.8977372926323;6.330384511093024;3.426164423121941;0.05384615384615385;0.1;0.23846153846153847;0.6538461538461539;2016;32
2016-08-21;2016-08-19T13:00:00+02:00;50604;3477;36399;1348;3689;5969;-30;968;-1212;51820;19.62655939180241;76.13160020444613;82.75374173416405;5.363977047020341;2.884952744996251;4.407692307692308;8.661538461538463;17.684615384615384;38.753846153846155;2016;33
2016-08-28;2016-08-25T13:00:00+02:00;55603;4145;38791;584;4636;7565;-20;896;-996;56597;24.75010989010991;60.71339285714286;54.728193681318686;4.51865728021978;2.2760164835164836;0.2538461538461539;0.5307692307692308;0.9615384615384616;2.0076923076923077;2016;34
2016-09-04;2016-08-31T13:00:00+02:00;55675;5613;37797;207;4164;6821;-20;909;188;55491;21.03284534375883;65.13406417300648;65.69782333051563;4.342903458720766;2.1532149901380673;0.6230769230769231;1.276923076923077;2.769230769230769;6.261538461538462;2016;35
2016-09-11;2016-09-06T12:30:00+02:00;55782;7291;36450;636;4019;7462;-41;879;-912;56696;21.469818610876324;73.16756656804733;77.99010284587209;5.146058308678501;2.6486401979430827;0.7076923076923077;1.1;2.4692307692307693;12.453846153846154;2016;36
2016-09-18;2016-09-13T12:00:00+02:00;55910;6390;39299;1959;3536;7775;-20;863;-3890;59802;23.374112343459558;63.38675428230489;74.16886275646009;6.375340793387234;3.505511407503899;7.492307692307692;11.523076923076921;12.761538461538462;13.292307692307693;2016;37
2016-09-25;2016-09-21T12:00:00+02:00;53842;7514;38213;332;3900;6114;-24;919;-3126;56968;16.20341698365739;73.71544625246548;73.18978497464074;4.090724499859115;2.0774061355311355;2.4692307692307693;4.2615384615384615;5.6692307692307695;7.638461538461538;2016;38
2016-10-02;2016-09-27T12:00:00+02:00;54078;7757;36128;1022;3370;6547;-20;894;-1618;55698;16.633305860805883;71.43862179487179;79.7446771978022;4.757570970695971;2.5991002747252745;0.9076923076923078;1.9538461538461538;3.6076923076923078;6.315384615384615;2016;39
2016-10-09;2016-10-07T12:00:00+02:00;57900;7234;36958;1217;3596;6304;-49;897;1741;56157;11.790382326007348;74.81687271062272;84.04016712454212;5.700785256410256;3.165984432234432;2.023076923076923;4.461538461538462;11.7;28.76923076923077;2016;40
2016-10-16;2016-10-13T19:30:00+02:00;64995;8119;40052;3147;4;9192;-47;830;3694;61297;10.350439736545528;80.59446322907863;91.14074827416174;7.547208544660468;4.287934805579036;23.046153846153842;42.146153846153844;69.03846153846153;98.53846153846153;2016;41
2016-10-23;2016-10-21T10:00:00+02:00;63719;8163;41848;717;1615;8348;-7;846;2187;61530;10.336112637362659;79.56444597069597;82.38129578754578;4.445393772893773;2.393830128205128;1.0692307692307692;2.4;6.238461538461538;15.399999999999999;2016;42
2016-10-30;2016-10-28T10:00:00+02:00;63043;8775;42166;725;1224;6626;-330;896;2958;60082;10.872543363499268;83.49768099547511;80.65341723227752;4.44913838612368;2.4122501885369534;0.16153846153846155;0.3230769230769231;0.6230769230769231;1.3000000000000003;2016;43
2016-11-06;2016-11-03T19:00:00+01:00;69033;10706;42640;880;-1;10337;-7;1046;3434;65601;7.962799908424931;78.64581043956044;76.99375;4.3297092490842495;2.4187362637362635;0.06923076923076923;0.12307692307692308;0.3230769230769231;0.8846153846153846;2016;44
2016-11-13;2016-11-08T19:00:00+01:00;77059;14514;42318;2240;-1;11944;-7;1085;4963;72093;5.701617036376593;79.96780499173907;85.61644515390618;6.002439109396631;3.276526043923755;2.853846153846154;4.461538461538462;9.115384615384615;24.253846153846155;2016;45
2016-11-20;2016-11-14T19:00:00+01:00;74096;12674;42632;1132;-1;11053;-7;1050;5567;68533;7.488704724762438;85.392717859064;89.9509284785727;4.692250762058454;2.5643277075488617;1.7538461538461538;3.853846153846154;9.015384615384615;24.284615384615385;2016;46
2016-11-27;2016-11-22T19:00:00+01:00;70477;10591;45163;1855;0;10744;-7;1057;1076;69403;10.550616987179513;84.74336334961335;87.17134081196582;7.174499007936508;3.9931829975579975;23.176923076923078;42.36923076923077;90.0;185.37692307692308;2016;47
2016-12-04;2016-11-29T19:00:00+01:00;81918;11820;49498;2813;-1;14015;-7;1165;2614;79303;3.2222164694280306;69.6261746266554;58.33195530431107;6.94692254860524;4.087528353057199;0.2692307692307692;0.5769230769230769;1.223076923076923;1.7076923076923076;2016;48
2016-12-11;2016-12-08T08:00:00+01:00;78731;11024;50556;3383;-1;7218;-8;1106;5455;73278;6.095460164835187;81.07129120879121;73.80590659340659;4.758550824175824;2.656662087912088;0.1;0.16153846153846155;0.2692307692307692;0.5692307692307692;2016;49
2016-12-18;2016-12-12T19:00:00+01:00;78012;11355;47332;1884;-1;12172;-46;1059;4259;73755;6.733605769230793;88.13468406593407;90.56706730769231;4.8202129120879125;2.6808035714285716;1.0769230769230769;2.223076923076923;3.9230769230769225;8.061538461538461;2016;50
2016-12-25;2016-12-19T19:00:00+01:00;80995;11898;48987;2016;-1;11439;-8;1080;5587;75411;4.116256868131891;88.9154532967033;93.63811813186814;5.530721153846154;3.093502747252747;6.538461538461538;10.13846153846154;13.00769230769231;13.46923076923077;2016;51
2017-01-01;2016-12-30T19:00:00+01:00;79712;10558;52594;123;-1;11920;-7;1090;3434;76277;0.6418027965624321;89.97712912087913;82.938991617357;2.8393860946745564;1.4702067483798253;0.06153846153846154;0.13076923076923078;0.2538461538461539;0.7230769230769231;2016;52
2017-01-08;2016-01-03T19:00:00+01:00;65289;2296;55067;6555;-1;9384;-12;1019;-9016;74308;7.6633241758242;84.15714285714286;88.44333791208791;9.148688186813187;5.080370879120879;26.484615384615385;45.66923076923077;78.4923076923077;139.57692307692307;2016;53
2017-01-08;2017-01-06T09:30:00+01:00;89510;13617;53941;1583;495;11133;-5;1102;7644;81866;-0.3602609890109664;73.68619505494506;70.87798763736264;4.912548076923077;2.7547664835164833;0.03076923076923077;0.05384615384615384;0.13846153846153847;0.6230769230769231;2017;1
2017-01-15;2017-01-09T19:00:00+01:00;83377;11490;55213;4717;-1;10389;-4;1100;476;82904;5.039495192307715;88.77039835164835;87.80291895604395;5.342232142857143;2.981256868131868;2.9923076923076923;5.061538461538461;7.200000000000001;10.946153846153846;2017;2
2017-01-22;2017-01-20T09:00:00+01:00;94236;15540;55819;3058;178;13762;-5;1150;4732;89502;-0.9058905677655441;73.31943681318681;67.93721382783883;4.871128663003663;2.8282600732600733;1.5538461538461539;2.8692307692307697;4.3;4.1692307692307695;2017;3
2017-01-29;2017-01-25T19:00:00+01:00;93523;16274;56497;1553;-1;12058;-5;1090;6055;87466;-0.10972756410254014;79.99761904761905;90.34473443223443;5.427518315018315;3.0613919413919413;0.5692307692307692;1.2692307692307692;2.0;1.1;2017;4
2017-02-05;2017-01-30T19:00:00+01:00;77569;11398;56450;1983;-1;7344;-300;1161;-467;78035;8.279684003444883;89.78426107081503;93.64706536484609;6.0003728617329735;3.451451050500368;10.330769230769231;21.315384615384616;37.06923076923077;64.61538461538461;2017;5
2017-02-12;2017-02-09T19:00:00+01:00;81716;10379;53002;2082;-1;13570;-29;1082;1634;80085;4.355424063116394;81.45018667230205;91.31061830797407;5.768943012116089;3.295017258382643;6.1923076923076925;13.392307692307693;33.01538461538461;69.64615384615385;2017;6
2017-02-19;2017-02-13T19:00:00+01:00;75251;10231;49281;7322;-1;12102;-28;1063;-4717;79970;9.089793956043978;69.94457417582417;86.40779532967032;10.615;6.176847527472527;1.8692307692307693;2.730769230769231;4.2384615384615385;12.761538461538462;2017;7
2017-02-26;2017-02-20T19:00:00+01:00;71186;10657;48376;4574;-1;10313;-20;1112;-3824;75011;8.70173076923079;83.51751373626374;87.89323489010988;5.770054945054945;3.310535714285714;0.33076923076923076;0.8615384615384615;1.6076923076923075;2.5846153846153848;2017;8
2017-03-05;2017-02-28T19:30:00+01:00;75290;9487;48276;8249;-1;12794;-11;1076;-4578;79870;7.2287912087912325;78.43385989010989;89.3487293956044;12.428076923076922;6.438543956043956;21.792307692307695;44.75384615384615;89.45384615384614;168.0153846153846;2017;9
2017-03-12;2017-03-07T19:30:00+01:00;74623;9669;48175;1005;-1;14255;-4;1080;446;74179;7.903310439560461;75.73509615384616;87.73715659340658;8.544515796703296;4.619347527472527;8.476923076923077;16.26153846153846;30.607692307692307;93.16153846153846;2017;10
2017-03-19;2017-03-14T08:30:00+01:00;65612;7471;45809;1081;843;11271;-4;1027;-1887;67498;9.690233516483541;76.27362637362637;79.59069368131867;5.041456043956044;2.7449244505494503;0.06923076923076923;0.12307692307692308;0.3230769230769231;2.1;2017;11
2017-03-26;2017-03-23T19:30:00+01:00;67433;9357;44690;2246;-1;14865;-4;1033;-4753;72186;8.711229395604416;81.71085164835164;92.19402472527473;6.342005494505495;3.3913942307692304;20.307692307692307;38.69230769230769;70.76923076923077;112.65384615384616;2017;12
2017-04-02;2017-03-27T09:00:00+02:00;61774;8130;46268;3075;805;11122;-4;1021;-8641;70417;11.747010467980317;66.15133810155362;71.66420163887837;5.807346295945434;3.1403962201591513;0.15384615384615385;0.30000000000000004;0.5923076923076923;0.9538461538461539;2017;13
2017-04-09;2017-04-07T08:30:00+02:00;61116;7865;46580;1156;614;11433;-4;975;-7502;68619;11.184416208791232;67.15412087912088;64.12414148351648;5.0347596153846155;2.7755494505494505;0.06153846153846154;0.12307692307692308;0.2153846153846154;0.3538461538461538;2017;14
2017-04-16;2017-04-13T10:00:00+02:00;56822;7196;45284;620;2643;8716;-21;992;-8611;65430;12.398580827067692;69.31722093695778;75.25819657316369;5.2165377385772125;2.780913823019086;0.04615384615384616;0.09230769230769233;0.18461538461538465;0.3692307692307693;2017;15
2017-04-23;2017-04-20T09:00:00+02:00;64204;7457;45638;1361;1707;8861;-5;1099;-1917;66118;7.759100274725298;48.22616758241758;66.77455357142857;7.311146978021977;3.909203296703297;0.2;0.4692307692307693;1.5;3.676923076923077;2017;16
2017-04-30;2017-04-28T09:30:00+02:00;65455;7870;47225;971;2202;10615;-5;1065;-4489;69943;8.534243096646964;67.32326183431952;83.25364979571711;6.033154585798816;3.18673640462102;1.5;3.753846153846154;9.623076923076923;22.95384615384615;2017;17
2017-05-07;2017-05-03T12:00:00+02:00;60914;6814;44091;336;3464;9930;-8;1072;-4792;65699;11.098791208791233;78.76476648351648;88.73193681318682;4.478901098901099;2.3750755494505493;2.6846153846153844;5.630769230769231;14.430769230769231;46.08461538461539;2017;18
2017-05-14;2017-05-09T09:30:00+02:00;57978;5757;42818;1658;2617;11846;-7;932;-7645;65621;12.311016483516509;65.9584935897436;71.81236263736264;7.624072802197802;4.153477564102564;0.06153846153846154;0.24615384615384614;0.8153846153846155;3.123076923076923;2017;19
2017-05-21;2017-05-19T12:00:00+02:00;54687;3875;44850;2334;3633;9659;-44;931;-10553;65238;12.46048076923079;76.09574175824176;84.63461538461539;7.44106456043956;3.93926510989011;19.330769230769228;42.776923076923076;102.47692307692309;242.09230769230768;2017;20
2017-05-28;2017-05-24T13:00:00+02:00;53841;2849;40537;524;5009;8368;-21;976;-4394;58242;18.973075108853433;70.98566763425254;82.49294720609579;5.592444666182875;3.0246326197387523;0.1076923076923077;0.23076923076923078;1.146153846153846;4.4;2017;21
2017-06-04;2017-06-02T13:00:00+02:00;54626;4257;38672;259;4309;8300;-45;1104;-2230;56856;20.507425507185147;71.02554416737108;76.630560545224;4.78492445054945;2.31475151451113;3.7538461538461543;6.538461538461538;9.515384615384615;14.184615384615386;2017;22
2017-06-11;2017-06-09T13:00:00+02:00;53738;1875;41469;2979;3682;8638;-41;1019;-5879;59621;18.605779532967055;69.12970467032967;81.78427197802199;6.538997252747253;3.520528846153846;7.6;16.153846153846153;33.44615384615385;56.900000000000006;2017;23
2017-06-18;2017-06-15T13:00:00+02:00;56714;3169;38594;1267;4211;8178;-77;1031;338;56373;21.99923763736266;69.30425824175823;73.35765796703296;6.060858516483516;3.3104945054945056;3.5461538461538464;6.130769230769231;8.576923076923078;11.707692307692309;2017;24
2017-06-25;2017-06-22T13:00:00+02:00;59414;5623;38693;1878;4727;7580;-23;1038;-103;59516;24.58595467032969;64.80473901098901;73.93646978021978;5.976497252747253;3.233001373626374;0.02307692307692308;0.038461538461538464;0.8307692307692308;2.4923076923076923;2017;25
2017-07-02;2017-06-27T13:00:00+02:00;56073;6137;38149;516;3234;8162;-8;960;-1076;57150;21.085565868168246;75.29524820712786;86.13644120560994;5.505966605768094;2.811092879411738;21.615384615384617;36.08461538461539;53.2;73.61538461538461;2017;26
2017-07-09;2017-07-07T13:00:00+02:00;57408;6783;38144;810;4973;8783;-17;1022;-3091;60498;24.816092510157358;59.494992228615054;70.12095623824067;5.181193606331633;2.735709556417528;0.07692307692307693;0.13076923076923078;0.20000000000000004;0.5769230769230769;2017;27
2017-07-16;2017-07-12T13:00:00+02:00;55942;5050;39373;5131;3272;7740;-17;1135;-5747;61684;20.328489010989035;74.58344780219781;82.67050137362638;8.014512362637362;4.373612637362637;3.376923076923077;7.292307692307692;14.430769230769231;29.53076923076923;2017;28
2017-07-23;2017-07-18T13:00:00+02:00;56947;6204;39609;2572;4900;5420;-17;988;-2730;59676;25.038130723443246;55.55604395604395;72.76871565934066;7.0173832417582425;3.859498626373626;0.769230769230769;0.8153846153846154;1.2000000000000002;1.5538461538461539;2017;29
2017-07-30;2017-07-26T12:00:00+02:00;53872;4606;40522;2519;3218;7635;-26;1044;-5644;59518;18.93843406593409;74.74464285714285;83.53966346153847;6.965412087912087;3.8637706043956044;4.130769230769231;8.415384615384614;17.653846153846153;29.4;2017;30
2017-08-06;2017-08-03T13:00:00+02:00;52874;1099;39515;6339;4287;5449;-20;967;-4766;57636;23.206971153846176;65.66813186813187;80.59237637362638;7.898633241758242;4.343956043956044;1.5769230769230769;3.7;11.538461538461538;43.52307692307692;2017;31
2017-08-13;2017-08-07T13:00:00+02:00;48856;2130;37927;321;4725;5027;-20;1190;-2443;51300;20.428379120879143;57.11861263736263;73.68011675824177;5.040580357142857;2.5298145604395605;1.2923076923076924;1.4846153846153847;1.5923076923076922;7.753846153846155;2017;32
2017-08-20;2017-08-18T13:00:00+02:00;50550;2545;37610;2465;3139;6601;-20;1018;-2808;53358;20.27475274725277;75.51126373626374;78.96243131868133;6.782173763736264;3.7525343406593406;12.415384615384616;24.99230769230769;47.599999999999994;73.73076923076923;2017;33
2017-08-27;2017-08-25T13:00:00+02:00;53242;4938;40084;1050;4083;3703;-20;1003;-1600;54841;21.45101736972707;71.00049406238922;77.61244904289259;4.992805299539171;2.6699570187876636;2.8076923076923075;4.8;9.292307692307691;16.723076923076924;2017;34
2017-09-03;2017-08-29T13:00:00+02:00;56246;5492;40894;571;4227;6539;-50;906;-2336;58579;23.94523592599307;65.16827135882608;70.58669806580227;4.80622890477838;2.435639055472264;0.14615384615384616;1.9230769230769231;5.4;11.046153846153846;2017;35
2017-09-10;2017-09-06T12:00:00+02:00;54363;5183;42001;3199;2967;5876;-20;1222;-6068;60428;17.993531468531494;69.98854895104895;87.06435751748252;7.400563811188811;4.115109265734265;0.9384615384615386;2.0846153846153848;4.23076923076923;8.36923076923077;2017;36
2017-09-17;2017-09-14T12:00:00+02:00;55740;2141;42515;8463;2811;4158;-20;951;-5277;61019;14.984594780219803;73.93598901098902;76.90161401098901;9.972864010989012;5.277232142857144;19.54615384615385;40.784615384615385;91.93076923076923;181.34615384615384;2017;37
2017-09-24;2017-09-20T09:30:00+02:00;57340;6319;43295;1019;1656;7569;-70;951;-3398;60739;13.11952787132225;73.6113501417937;72.76948887805743;4.44446783055654;2.3103606876993976;0.9538461538461538;1.953846153846154;5.823076923076924;23.76153846153846;2017;38
2017-10-01;2017-09-27T12:00:00+02:00;55310;7233;41630;687;4185;4432;-19;958;-3796;59106;16.148956043956066;79.34635989010988;85.27647664835165;4.257012362637362;2.273650412087912;2.161538461538462;3.5461538461538464;5.515384615384615;14.26153846153846;2017;39
2017-10-08;2017-10-05T20:00:00+02:00;56649;8772;38766;2735;-1;9616;-6;995;-4229;60877;14.142338669911585;79.17775264954236;77.51960882892955;6.314043597015061;3.501950719875658;1.8538461538461537;3.523076923076923;5.246153846153846;6.084615384615384;2017;40
2017-10-15;2017-10-09T20:00:00+02:00;57078;8654;38121;925;-1;8486;-6;987;-91;57166;14.042652993558189;82.32710780598713;86.84199507389164;3.9062083175445244;2.056752320954907;1.2230769230769232;2.6923076923076925;5.6923076923076925;12.946153846153846;2017;41
2017-10-22;2017-10-18T19:30:00+02:00;57131;8486;36855;1676;-1;10195;-18;1030;-1095;58223;15.721435439560462;79.16737637362637;78.57767857142856;4.919024725274725;2.6843406593406596;3.861538461538461;6.761538461538462;11.307692307692308;19.646153846153847;2017;42
2017-10-29;2017-10-23T19:30:00+02:00;60995;8756;37591;3233;-1;9139;-6;1011;1268;59723;12.702362637362661;78.98392857142858;87.61469780219781;7.007781593406593;3.9932554945054948;4.1923076923076925;8.73076923076923;17.992307692307694;39.06153846153846;2017;43
2017-11-05;2017-10-31T09:30:00+01:00;64490;9056;41278;1103;2222;6589;-6;1058;3189;61300;8.108475274725297;75.2893543956044;72.12342032967032;4.306263736263737;2.4294986263736265;0.04615384615384616;0.12307692307692307;0.27692307692307694;1.8384615384615384;2017;44
2017-11-12;2017-11-08T19:00:00+01:00;74847;11721;40707;1620;-1;11361;-7;1230;8217;66631;6.75067379988435;81.16677631578948;88.65434318970503;5.515767784846732;2.9973178137651817;8.023076923076923;15.115384615384615;33.9;60.34615384615385;2017;45
2017-11-19;2017-11-14T19:00:00+01:00;75629;10831;42213;1712;-1;13386;-6;1274;6222;69409;6.809078421578444;75.07938727938728;82.08645104895105;5.759204961704962;3.2478346653346652;0.0;0.5307692307692308;1.4153846153846152;7.8538461538461535;2017;46
2017-11-26;2017-11-20T19:00:00+01:00;75338;11116;42972;5793;-1;10264;-7;1137;4062;71274;7.240501373626397;85.83489010989011;86.86136675824176;5.307122252747253;2.939591346153846;0.676923076923077;1.2461538461538462;2.3153846153846156;5.46923076923077;2017;47
2017-12-03;2017-11-30T19:00:00+01:00;83960;11434;45961;3295;-1;14557;-13;1143;7587;76376;3.539587468982652;80.10975274725274;82.44979284828075;7.222883507621412;3.7552182293512937;5.123076923076923;8.7;15.099999999999998;28.96923076923077;2017;48
2017-12-10;2017-12-06T19:00:00+01:00;82425;11449;51825;1834;-1;11803;-13;1085;4441;77982;4.7150068681318915;83.48976648351649;89.00436126373627;4.538832417582418;2.5536607142857144;0.02307692307692308;-0.007692307692307691;-0.06923076923076923;-0.13076923076923078;2017;49
2017-12-17;2017-12-12T19:00:00+01:00;82632;11421;50249;3341;0;12825;-13;1089;3721;78912;4.712286003470239;82.09501879699248;87.34206911509544;5.897141772700983;3.3006821139386924;4.161538461538461;9.407692307692308;31.692307692307693;150.93076923076922;2017;50
2017-12-24;2017-12-19T19:00:00+01:00;82964;10201;53728;1354;-1;13788;-7;1120;2781;80183;3.9406907272834926;87.35384319981094;86.48657575623301;3.971003633463311;2.1500005169561622;0.41538461538461535;1.2692307692307692;5.546153846153846;33.292307692307695;2017;51
2017-12-31;2017-12-28T19:00:00+01:00;76959;7247;53547;2345;-1;10889;-13;1143;1808;75157;3.402197802197826;76.55927197802198;79.8336195054945;7.422918956043956;3.9440178571428572;2.6923076923076925;5.753846153846154;17.676923076923078;84.91538461538462;2017;52
2018-01-07;2018-01-03T19:00:00+01:00;72528;2697;55874;10250;-1;12656;-17;1062;-9992;82521;11.010171703296727;77.24718406593406;92.1881868131868;16.24184065934066;8.57381868131868;18.96153846153846;33.16153846153846;58.37692307692308;98.02307692307691;2018;1
2018-01-14;2018-01-11T19:00:00+01:00;77318;10469;58170;1436;-1;13695;-23;1064;-7496;84810;6.474338017751503;89.20436390532544;89.6331176035503;4.998646449704141;2.623979289940828;5.2153846153846155;11.092307692307692;24.553846153846152;54.56153846153846;2018;2
2018-01-21;2018-01-17T19:00:00+01:00;79657;5066;57504;8792;-1;14502;-21;1066;-7248;86908;7.391105769230792;69.60034340659341;82.81421703296704;14.699120879120878;7.687403846153846;10.084615384615384;22.815384615384612;52.646153846153844;119.56923076923077;2018;3
2018-01-28;2018-01-26T19:00:00+01:00;74065;9529;58616;1315;-1;14821;-21;1082;-11274;85341;6.973337912087936;86.94732142857143;90.47410714285714;5.980824175824176;3.11614010989011;29.907692307692308;57.7;107.4923076923077;180.2;2018;4
2018-02-04;2018-02-02T09:30:00+01:00;79678;9226;57666;3665;758;14576;-27;1170;-7359;87034;4.104127747252772;81.92451923076922;89.05580357142858;6.636449175824176;3.5741758241758244;4.938461538461539;9.007692307692308;15.076923076923077;42.68461538461539;2018;5
2018-02-11;2018-02-07T19:00:00+01:00;88869;12218;56289;1889;-1;16975;-28;1192;333;88534;1.5586046614675861;79.42700726692662;92.58395183445586;6.857564914923786;3.7578959145693016;1.7461538461538462;4.6923076923076925;13.938461538461537;55.22307692307693;2018;6
2018-02-18;2018-02-13T19:00:00+01:00;86795;11196;57143;5278;-1;15486;-66;1179;-3419;90215;2.2067032967033198;75.685989010989;83.28296703296704;8.232637362637362;4.5021016483516485;7.007692307692308;13.584615384615384;24.684615384615384;34.4923076923077;2018;7
2018-02-25;2018-02-23T09:30:00+01:00;85492;11048;52504;5575;1335;16582;-28;1099;-2626;88115;1.884896978022002;66.25906593406593;82.30271291208791;7.934629120879121;4.5523695054945055;1.4461538461538461;2.8846153846153846;5.700000000000001;9.353846153846153;2018;8
2018-03-04;2018-02-28T19:30:00+01:00;96270;13652;51478;10364;-1;14728;-12;1015;5043;91224;-2.9276663351016596;61.25680971327524;85.97024598964254;9.872789882531263;5.826460780598712;5.246153846153846;8.292307692307691;9.884615384615385;12.600000000000001;2018;9
2018-03-11;2018-03-07T19:30:00+01:00;75075;9656;51266;4502;0;14458;-4;1028;-5830;80906;7.0284615384615625;78.11112637362638;84.57211538461539;8.41978021978022;4.521710164835165;7.038461538461538;15.076923076923077;36.07692307692308;73.36153846153846;2018;10
2018-03-18;2018-03-18T20:00:00+01:00;69737;6605;47486;2841;0;13525;-21;1148;-1855;71584;3.6260233516483753;80.90693681318682;91.8801510989011;7.334182692307692;4.154848901098901;8.015384615384615;17.146153846153847;41.776923076923076;109.01538461538462;2018;11
2018-03-25;2018-03-19T19:30:00+01:00;81769;10725;48198;4511;-2;14915;-4;1134;2293;79477;2.8832417582417804;76.90611263736264;91.45738324175825;7.411565934065934;4.1522527472527475;6.515384615384615;13.753846153846155;27.407692307692308;55.900000000000006;2018;12
2018-04-01;2018-03-27T12:00:00+02:00;71354;9727;45798;6182;2141;10149;-4;1068;-3706;75061;8.86596153846156;83.43708791208792;92.67445054945054;8.386717032967033;4.766332417582418;12.26923076923077;23.76153846153846;41.91538461538461;60.69230769230769;2018;13
2018-04-08;2018-04-06T09:00:00+02:00;65980;1315;45110;6544;1480;12875;-5;1075;-2419;68394;11.885700549450574;66.56483516483516;81.30374313186813;7.16279532967033;3.984587912087912;0.06923076923076923;0.06923076923076923;0.06153846153846154;1.9153846153846155;2018;14
2018-04-15;2018-04-11T09:30:00+02:00;62620;3534;43715;1956;1027;12638;-5;1015;-1258;63880;11.17660359801491;75.11643699042892;88.917726426799;6.609877038284297;3.592811281460475;19.16923076923077;34.6;59.21538461538462;104.13846153846154;2018;15
2018-04-22;2018-04-16T12:00:00+02:00;57772;2407;44119;803;3865;11520;-4;1062;-5997;63772;12.795247252747275;72.02898351648352;85.2862293956044;5.5450068681318685;2.954168956043956;1.546153846153846;3.7999999999999994;9.107692307692307;19.26153846153846;2018;16
2018-04-29;2018-04-26T13:00:00+02:00;54827;845;43919;3432;5496;9963;-64;1134;-9901;64725;12.522925824175847;68.33440934065933;82.28502747252747;6.647438186813186;3.519059065934066;0.4153846153846154;1.0615384615384615;2.976923076923077;7.915384615384616;2018;17
2018-05-06;2018-05-02T12:00:00+02:00;59004;764;44302;4989;4926;9059;-21;1061;-6074;65080;10.834666103127663;75.5622323189631;88.0241353198084;6.698960446604677;3.7080933009298396;8.538461538461538;17.86923076923077;36.246153846153845;67.3;2018;18
2018-05-13;2018-05-07T13:00:00+02:00;50825;781;39226;741;5715;11343;-33;1082;-8028;58855;19.058001373626396;67.5426510989011;74.41638049450549;4.593516483516483;2.287403846153846;9.976923076923075;14.392307692307693;17.53846153846154;21.138461538461538;2018;19
2018-05-20;2018-05-14T13:00:00+02:00;58089;1328;44377;5742;2393;12544;-54;1161;-9399;67491;11.276490384615407;81.51820054945054;89.40264423076923;8.01973901098901;4.309230769230769;22.215384615384615;43.58461538461539;91.65384615384616;195.53846153846155;2018;20
2018-05-27;2018-05-25T13:00:00+02:00;54099;1300;43709;480;4156;11505;-111;1015;-7954;62054;18.3380244755245;77.80323426573426;86.50738636363636;4.529121503496503;2.248293269230769;4.615384615384615;8.684615384615384;17.2;29.123076923076926;2018;21
2018-06-03;2018-05-30T13:00:00+02:00;54056;2857;43211;500;3175;10869;-83;976;-7449;61505;18.60484203296706;81.88942307692308;91.4632554945055;4.767953296703297;2.41;12.515384615384615;23.49230769230769;41.51538461538462;77.04615384615384;2018;22
2018-06-10;2018-06-06T13:00:00+02:00;54397;2701;41383;917;3411;11219;-54;946;-6132;60523;17.97752060439563;84.10384615384615;93.2268543956044;5.458482142857142;2.8048351648351653;17.592307692307692;38.38461538461539;90.30000000000001;190.40769230769232;2018;23
2018-06-17;2018-06-15T13:00:00+02:00;53886;1775;40896;938;4239;11735;-37;1048;-6711;60594;18.04360576923079;73.58777472527473;84.96531593406593;5.262970467032967;2.7352472527472527;3.5999999999999996;7.046153846153846;13.338461538461539;30.738461538461536;2018;24
2018-06-24;2018-06-20T13:00:00+02:00;55986;2226;41101;437;6005;10830;-44;982;-5550;61537;22.309189560439584;68.5915521978022;73.27953296703296;4.8321771978021975;2.456524725274725;0.22307692307692312;0.4307692307692308;0.8923076923076925;1.6846153846153848;2018;25
2018-07-01;2018-06-27T13:00:00+02:00;55426;2218;40795;1996;5852;10120;-8;981;-6526;61954;22.154602581701095;59.58611675729898;72.88472922496172;6.991074652869437;3.842307494324481;0.015384615384615385;0.03076923076923077;0.06153846153846154;0.061538461538461556;2018;26
2018-07-08;2018-07-04T13:00:00+02:00;57073;5736;40026;725;5372;10260;-21;984;-6005;63082;22.19324404761907;73.05798992673992;82.32361492673992;5.541604853479853;2.6930059523809526;11.592307692307692;18.546153846153846;24.246153846153845;44.84615384615385;2018;27
2018-07-15;2018-07-10T13:00:00+02:00;56431;5098;42143;2041;5687;8454;-21;1043;-8017;64445;21.39485576923079;61.18489010989011;76.79718406593406;6.767740384615385;3.6864285714285714;-0.015384615384615384;-0.015384615384615385;-0.007692307692307688;0.02307692307692308;2018;28
2018-07-22;2018-07-19T13:00:00+02:00;56615;3599;44112;361;5828;7009;-70;1046;-5271;61885;22.79779132242941;60.99124986044434;81.08238900673588;5.192150692196048;2.6619312176696064;2.5846153846153848;4.415384615384616;9.746153846153847;19.93846153846154;2018;29
2018-07-29;2018-07-26T13:00:00+02:00;57647;5749;43372;289;5939;6859;-25;1150;-5688;63333;25.475837912087933;60.17918956043956;75.1407967032967;4.690511675824176;2.2651888736263737;1.146153846153846;2.3000000000000003;2.576923076923077;2.8615384615384616;2018;30
2018-08-05;2018-08-02T13:00:00+02:00;55495;4516;39459;771;6095;6551;-76;1074;-2897;58390;24.791976576055546;60.02456622325043;69.65804113649509;5.642452284557548;3.005378831694621;0.27692307692307694;1.1615384615384614;2.8846153846153846;14.153846153846153;2018;31
2018-08-12;2018-08-07T13:00:00+02:00;53557;5395;36450;1856;4813;6104;-21;1004;-2047;55601;25.328188867584053;62.39294918790886;78.80246870065419;6.7913170398150235;3.586158428265283;3.0461538461538464;4.423076923076923;4.63076923076923;4.8307692307692305;2018;32
2018-08-19;2018-08-16T13:00:00+02:00;49483;2562;39654;588;5840;5009;-101;1049;-5120;54601;21.583130357545706;68.56559045792916;80.39924782878413;5.177778310399278;2.651586961425671;2.4384615384615382;3.746153846153846;5.653846153846154;8.992307692307692;2018;33
2018-08-26;2018-08-22T13:00:00+02:00;53587;3936;36201;196;5685;6811;-20;1024;-247;53833;23.317167268215677;66.3170369952628;80.1774193548387;5.026967488157004;2.492819901872321;2.230769230769231;4.0769230769230775;5.453846153846154;8.561538461538461;2018;34
2018-09-02;2018-08-29T13:00:00+02:00;54124;5419;37059;3052;3891;5312;-21;1070;-1657;55782;19.546820054945076;76.67486263736264;86.39817994505493;7.048550824175824;3.678695054945055;15.461538461538462;31.00769230769231;55.91538461538461;80.56923076923077;2018;35
2018-09-09;2018-09-05T13:00:00+02:00;54585;5324;42135;754;4625;3899;-19;1095;-3226;57813;19.88488779179306;73.42424926477347;83.65156810035842;5.45019604126459;2.8316967650032163;6.161538461538462;8.753846153846153;11.984615384615383;19.123076923076926;2018;36
2018-09-16;2018-09-12T13:00:00+02:00;55221;3491;45884;382;5185;5882;-19;966;-6550;61771;20.437524592343166;70.40637850053173;79.96487061325772;4.992952410492733;2.540968849698688;7.484615384615386;11.453846153846154;16.107692307692307;16.06923076923077;2018;37
2018-09-23;2018-09-19T13:00:00+02:00;54686;3308;44277;3526;5320;3914;-19;1129;-6770;61455;20.68100961538464;73.03427197802198;81.1770260989011;5.7986332417582425;3.0772939560439556;2.5076923076923077;5.453846153846154;13.023076923076925;25.23076923076923;2018;38
2018-09-30;2018-09-26T12:00:00+02:00;55165;3962;43305;1079;5405;5239;-19;1059;-4864;60030;14.8510397868261;59.57075344010828;72.03640452289645;5.470357968644259;2.799114313106249;0.015384615384615385;0.04615384615384616;0.1076923076923077;0.3076923076923077;2018;39
2018-10-07;2018-10-02T12:00:00+02:00;57235;4801;42244;5135;4831;3784;-24;1116;-4656;61887;12.64537774725277;68.66133241758241;89.3174793956044;6.963145604395605;3.8632554945054944;0.6153846153846154;1.2000000000000002;2.6384615384615384;6.415384615384616;2018;40
2018-10-14;2018-10-09T12:00:00+02:00;55659;4223;40739;863;4094;4910;-7;922;-83;55744;15.136368752215548;78.83247297057781;80.59811126373627;4.829116558844381;2.5032220400567176;2.946153846153846;6.015384615384615;16.06923076923077;38.02307692307692;2018;41
2018-10-21;2018-10-17T19:30:00+02:00;55492;7152;42300;1917;0;9585;-6;1131;-6589;62079;15.018674450549472;79.76854395604394;88.08952609890109;4.055521978021978;2.11635989010989;4.246153846153846;8.153846153846153;18.176923076923078;61.29230769230769;2018;42
2018-10-28;2018-10-28T19:00:00+01:00;60620;5099;44438;9955;2;4351;-7;1102;-4322;64940;6.862777114190181;80.14903448001274;91.6140707118968;9.680716674629718;5.265627090301003;12.746153846153847;26.361538461538462;51.715384615384615;97.6846153846154;2018;43
2018-11-04;2018-10-29T19:00:00+01:00;73991;8084;46148;6443;2;9494;-6;1051;2773;71216;6.20798970518731;83.62344100791681;95.18295788681955;9.64959464956053;5.2233629077704755;30.861538461538462;58.0923076923077;99.33076923076922;170.26923076923077;2018;44
2018-11-11;2018-11-08T19:00:00+01:00;67753;9439;46247;5056;-1;10044;-7;1072;-4095;71850;9.888553462666387;85.18174345815474;88.65745897247913;5.977773939769907;3.378058312655087;2.146153846153846;7.6692307692307695;24.446153846153848;79.36923076923077;2018;45
2018-11-18;2018-11-15T19:00:00+01:00;66344;8805;45014;2085;-1;9225;-7;1112;110;66233;10.821071539347772;90.65085408543071;88.89165632754342;4.959998227578873;2.7747927375044315;0.4;0.8230769230769232;1.8230769230769233;3.492307692307693;2018;46
2018-11-25;2018-11-20T19:00:00+01:00;80338;11975;46073;1403;-1;12983;-7;1100;6811;73526;3.826686244789717;83.36072849564229;90.36010562713149;5.685247726411519;3.0243084501705195;6.946153846153846;13.038461538461538;22.75384615384615;35.353846153846156;2018;47
2018-12-02;2018-11-26T19:00:00+01:00;77316;11354;48675;2174;0;10978;-8;1140;3006;74313;6.739045329670353;87.37142857142857;92.62967032967033;5.704131181318681;3.0296703296703296;2.338461538461538;5.546153846153846;18.06923076923077;76.73846153846154;2018;48
2018-12-09;2018-12-05T19:00:00+01:00;69594;9305;51565;5194;-1;10199;-63;1122;-7726;77321;9.933385989011011;88.16627747252747;89.26088598901099;5.483063186813187;3.1473420329670327;6.230769230769231;11.3;16.215384615384615;23.03846153846154;2018;49
2018-12-16;2018-12-13T19:00:00+01:00;84676;8537;54533;5361;0;14794;-7;1122;336;84340;2.7269917582417813;84.95192307692308;90.4782967032967;7.3715796703296705;4.253907967032967;11.892307692307694;21.015384615384615;30.93846153846154;38.73846153846154;2018;50
2018-12-23;2018-12-18T19:00:00+01:00;78462;8460;55051;9218;-1;9916;-8;1076;-5250;83712;6.402946428571452;83.51318681318682;90.15006868131869;8.137259615384615;4.560885989010989;4.153846153846154;6.753846153846154;8.96923076923077;19.54615384615385;2018;51
2018-12-30;2018-12-27T19:00:00+01:00;75758;8983;56526;480;-1;11268;-16;1152;-2631;78392;2.692480966614053;88.35193788066772;91.85889141100834;3.318628750281976;1.753426361944507;0.038461538461538464;0.07692307692307693;0.15384615384615385;0.23076923076923078;2018;52
2019-01-06;2019-01-04T10:00:00+01:00;81571;8782;56343;2430;1071;9312;-4;1105;2536;79039;2.5817032967033193;78.52822802197802;86.95082417582418;5.549986263736264;3.043592032967033;-0.038461538461538464;-0.06923076923076923;-0.06153846153846154;0.11538461538461539;2019;1
2019-01-13;2019-01-10T19:00:00+01:00;86432;10237;55278;2381;0;14580;-4;1156;2809;83628;2.887554945054968;75.7474587912088;84.85267857142858;6.720817307692308;3.660762362637363;0.0769230769230769;0.3384615384615385;2.230769230769231;8.446153846153846;2019;2
2019-01-20;2019-01-18T09:00:00+01:00;82962;10443;54165;1448;214;11908;-4;1132;3655;79306;2.796401098901122;80.62273351648352;85.91469780219781;5.305171703296703;2.935370879120879;1.6615384615384614;3.1769230769230767;7.238461538461538;25.569230769230767;2019;3
2019-01-27;2019-01-24T19:00:00+01:00;88454;10988;55248;2345;-1;15511;-11;1132;3241;85212;2.227809065934089;78.98980082417582;92.93149038461539;6.4217582417582415;3.4975412087912088;1.7153846153846155;3.676923076923077;11.561538461538463;49.76153846153846;2019;4
2019-02-03;2019-01-30T19:00:00+01:00;86011;10469;54701;2325;-1;15272;-10;1125;2132;83881;3.327798763736286;81.14570741758241;91.02688873626373;9.20961195054945;4.762541208791209;13.415384615384616;30.092307692307692;71.00769230769231;150.82307692307694;2019;5
2019-02-10;2019-02-04T19:00:00+01:00;86359;11918;55877;4636;-1;14040;-20;1102;-1192;87552;3.1929923302504166;80.30135912474621;87.74989425896683;6.639015480487255;3.739611577938191;8.223076923076922;15.576923076923077;28.184615384615384;40.61538461538461;2019;6
2019-02-17;2019-02-13T09:00:00+01:00;81609;9566;55742;2515;1141;13662;-28;1056;-2045;83654;4.739718406593431;76.23084898971996;83.41258308224035;4.74834234314073;2.6601544221907125;0.015384615384615385;0.05384615384615384;0.1153846153846154;0.22307692307692306;2019;7
2019-02-24;2019-02-20T09:00:00+01:00;74291;9089;53201;1203;1121;14416;-12;1098;-5821;80116;7.1581716559303;81.73113158393332;82.37883431223949;3.863277993558166;2.080344827586207;0.08461538461538462;0.16923076923076924;0.3307692307692308;0.7384615384615386;2019;8
2019-03-03;2019-02-25T09:00:00+01:00;69590;8378;53596;2924;1556;10807;-21;1161;-8814;78401;9.256004539815045;61.048828389352586;75.2707506203474;4.661479105571848;2.513907483645387;0.007692307692307693;0.015384615384615385;0.03076923076923077;0.0923076923076923;2019;9
2019-03-10;2019-03-04T19:30:00+01:00;69678;3012;50047;9984;-1;12231;-59;1162;-6697;76376;9.709510073260095;69.98326465201465;88.00572344322345;14.683685897435899;7.568660714285714;10.8;23.123076923076926;44.8;72.04615384615384;2019;10
2019-03-17;2019-03-14T19:30:00+01:00;72364;3637;52224;12240;-1;11870;-10;1147;-8743;81107;9.033145604395626;79.38949175824176;92.16826923076923;13.063667582417583;7.270494505494506;11.761538461538462;23.13076923076923;43.78461538461538;69.52307692307691;2019;11
2019-03-24;2019-03-18T19:30:00+01:00;70604;7425;47221;1787;-1;14977;-20;1153;-1934;72542;7.341459508233724;73.867799740582;87.05041027520866;7.656181197834424;4.119034090909091;2.1;4.584615384615384;11.107692307692307;38.715384615384615;2019;12
2019-03-31;2019-03-26T08:00:00+01:00;65760;5627;50988;3356;1125;7723;-7;1112;-4172;69924;8.303297710354185;60.69413348748026;78.13282483645386;8.758067899842093;4.697687514098805;2.3153846153846156;4.7846153846153845;9.399999999999999;13.0;2019;13
2019-04-07;2019-04-04T09:00:00+02:00;69585;6396;44833;2006;952;11503;-30;998;2928;66658;6.426030219780243;74.3418956043956;84.75223214285714;7.3830219780219775;3.9818200549450546;12.207692307692307;25.46923076923077;62.45384615384615;154.95384615384617;2019;14
2019-04-14;2019-04-12T09:30:00+02:00;65653;6468;45862;2329;2581;9804;-5;1009;-2397;68048;8.613067335889939;63.92487875028198;79.86620375592149;6.912571198962327;3.70283724340176;2.0;4.269230769230769;9.353846153846153;20.061538461538458;2019;15
2019-04-21;2019-04-15T09:00:00+02:00;65830;5994;44477;3723;1851;9593;-5;1009;-816;66642;9.864546703296726;59.096634615384616;84.86280906593407;7.743228021978022;4.227967032967033;5.6;7.261538461538462;8.553846153846154;13.307692307692308;2019;16
2019-04-28;2019-04-26T09:30:00+02:00;57246;3433;46191;1662;2338;10040;-18;1045;-7446;64691;11.256016483516506;77.85762362637362;85.96651785714286;7.817527472527472;4.169848901098901;15.238461538461538;34.90769230769231;82.86153846153846;186.9769230769231;2019;17
2019-05-05;2019-04-29T09:30:00+02:00;59111;4368;45725;724;2972;10663;-17;1055;-6379;65490;10.767589285714308;71.1367445054945;81.5006868131868;5.688811813186812;2.9262225274725275;0.38461538461538464;1.2461538461538462;5.607692307692308;18.43846153846154;2019;18
2019-05-12;2019-05-06T08:30:00+02:00;62143;4694;44440;1756;1702;9754;-7;1107;-1304;63446;9.12522664835167;62.53722527472527;81.01339285714286;5.837657967032967;3.0774793956043953;-0.007692307692307693;0.25384615384615383;1.3384615384615384;4.0769230769230775;2019;19
2019-05-19;2019-05-13T09:30:00+02:00;55940;3547;41823;4494;3854;10559;-41;1013;-9306;65249;12.963660714285737;54.660874542124546;75.42765567765568;10.160570054945055;5.716522435897436;0.2846153846153846;0.6000000000000001;1.1769230769230767;2.176923076923077;2019;20
2019-05-26;2019-05-20T12:00:00+02:00;56355;3964;44272;2208;3703;11903;-8;1031;-10717;67073;13.640275488400512;80.15626017501017;90.48877823565324;6.478341982091981;3.598183506308506;6.1923076923076925;13.384615384615385;30.115384615384617;71.03846153846153;2019;21
2019-06-02;2019-05-29T13:00:00+02:00;54438;3814;43584;1863;5347;10661;-47;1115;-11895;66337;14.193351648351669;70.15741758241758;85.94196428571429;7.199903846153846;3.83896978021978;0.8384615384615385;2.8999999999999995;9.923076923076923;32.815384615384616;2019;22
2019-06-09;2019-06-05T13:00:00+02:00;54043;4316;42482;1420;3782;9453;-56;1070;-8427;62467;15.959257765830369;75.10366119841926;87.63191428866831;6.835428326900101;3.4841466202554914;29.415384615384614;57.26153846153847;107.56923076923077;168.4846153846154;2019;23
2019-06-16;2019-06-12T12:00:00+02:00;54959;5036;41154;2081;4826;11159;-35;981;-10241;65202;14.532774347272088;77.32888392624955;85.32113967337598;6.694791296094034;3.5156864532948457;10.184615384615386;21.53846153846154;47.75384615384615;106.05384615384615;2019;24
2019-06-23;2019-06-19T13:00:00+02:00;54516;3667;41812;2323;5718;9493;-32;976;-9442;63957;20.253736263736286;69.84429945054946;87.22973901098901;7.067266483516483;3.6700274725274724;5.038461538461538;8.707692307692309;14.53076923076923;25.176923076923078;2019;25
2019-06-30;2019-06-27T13:00:00+02:00;58833;3849;41835;2736;6451;7060;-377;927;-3652;62481;27.044551517031376;61.24319591698624;74.98992851906158;7.271469377396797;4.171463314910896;0.015384615384615385;0.03076923076923077;0.06153846153846154;0.7000000000000001;2019;26
2019-07-07;2019-07-05T13:00:00+02:00;57172;3565;42491;423;6374;7289;-23;1057;-4002;61176;24.297960164835185;54.77403846153846;75.30872252747253;5.324203296703297;2.7236607142857143;0.2076923076923077;0.38461538461538464;0.7076923076923077;0.8769230769230771;2019;27
2019-07-14;2019-07-11T13:00:00+02:00;55476;4364;41888;540;5503;6900;-35;1063;-4744;60223;21.930881410256436;58.95576923076923;87.0020032051282;5.0720833333333335;2.6382852564102564;0.13846153846153844;0.3307692307692308;0.49230769230769234;1.1846153846153846;2019;28
2019-07-21;2019-07-17T13:00:00+02:00;55125;5392;40905;395;6336;5398;-29;1047;-4320;59444;21.52681318681321;55.94354395604395;81.45673076923077;5.416222527472527;2.815041208791209;0.07692307692307693;0.15384615384615385;0.29230769230769227;0.5076923076923078;2019;29
2019-07-28;2019-07-25T13:00:00+02:00;59198;5658;35775;1885;5847;6419;-18;944;2689;56510;28.609594780219805;51.732692307692304;74.7676510989011;6.43676510989011;3.2735164835164836;1.2307692307692306;1.453846153846154;1.8692307692307693;2.223076923076923;2019;30
2019-08-04;2019-07-30T13:00:00+02:00;51532;3199;39832;7391;4843;5851;-340;1095;-10333;61871;20.16732142857145;67.30556318681319;82.07623626373628;9.398626373626374;5.058351648351648;3.876923076923077;8.069230769230769;14.846153846153847;22.930769230769233;2019;31
2019-08-11;2019-08-09T13:00:00+02:00;51266;2436;39484;3783;5186;8016;-21;1113;-8731;59997;23.55563186813189;71.40597527472528;87.53798076923077;8.84010989010989;4.668667582417583;15.207692307692307;31.43846153846154;54.10000000000001;78.67692307692307;2019;32
2019-08-18;2019-08-14T13:00:00+02:00;47456;1312;39472;2641;6419;5213;-34;1193;-8763;56216;18.72048361121639;67.27534340659341;86.29923147972718;6.7823491379310346;3.6427093596059112;1.4692307692307693;2.8615384615384616;5.1;14.646153846153847;2019;33
2019-08-25;2019-08-23T13:00:00+02:00;50981;3185;37084;1035;6788;5371;-76;1264;-3667;54651;21.61026292743882;58.78640400875202;76.65145509904349;5.5045221601874825;2.876427108297456;0.39230769230769236;0.7230769230769231;1.3384615384615384;2.276923076923077;2019;34
2019-09-01;2019-08-28T13:00:00+02:00;55014;5283;39457;729;4667;6621;-20;1108;-2833;57845;22.221744505494527;71.42603021978022;88.40054945054945;5.245659340659341;2.652606456043956;1.3615384615384616;2.776923076923077;5.523076923076923;9.669230769230769;2019;35
2019-09-08;2019-09-04T13:00:00+02:00;54059;4707;38911;3371;6581;3499;-238;1069;-3844;57900;18.605542803970245;63.61321783055654;75.57420351825593;6.544902516838001;3.5142653314427506;1.0153846153846156;1.7461538461538464;4.4;7.746153846153845;2019;36
2019-09-15;2019-09-11T12:00:00+02:00;53639;4792;41611;1788;5139;3492;-32;1159;-4309;57949;17.074193548387118;67.05229669524024;83.88139028310398;6.032892933679223;3.168560230092488;1.0076923076923077;2.7153846153846155;9.553846153846154;44.54615384615385;2019;37
2019-09-22;2019-09-17T12:00:00+02:00;53520;5150;39515;848;5260;3856;-18;1005;-2092;55616;19.62445741758244;67.50611263736263;78.76596840659342;6.531703296703297;3.575418956043956;0.07692307692307693;0.1769230769230769;0.36153846153846153;0.7846153846153846;2019;38
2019-09-29;2019-09-25T12:00:00+02:00;53808;4845;38518;6768;3206;4761;-21;978;-5253;59055;16.692026098901124;81.57438186813187;91.59958791208791;8.706627747252748;4.744388736263736;8.684615384615386;16.907692307692308;33.223076923076924;85.5;2019;39
2019-10-06;2019-10-03T12:00:00+02:00;56176;4800;41860;1170;5728;4015;-55;970;-2314;58488;12.274431463100841;71.63879292061674;83.38434462330244;5.615143616607636;3.0244903430821544;0.9307692307692309;1.6846153846153844;2.930769230769231;13.053846153846154;2019;40
2019-10-13;2019-10-09T12:00:00+02:00;56852;5033;39554;8618;2753;4871;-6;987;-4960;61810;14.002122252747276;80.88550824175825;86.47664835164834;8.891785714285714;4.75698489010989;11.153846153846153;20.892307692307693;40.66153846153846;74.03076923076922;2019;41
2019-10-20;2019-10-16T19:30:00+02:00;56904;5435;38961;7168;1;7594;-6;1020;-3274;60173;14.051141518737694;80.81918674274445;90.71050824175823;8.701274654832348;4.816969216680755;15.784615384615384;31.407692307692308;59.28461538461538;146.0846153846154;2019;42
2019-10-27;2019-10-22T12:00:00+02:00;61049;5480;40997;667;1820;9213;-7;1026;1859;59196;12.354230769230792;87.4668956043956;90.63307005494507;5.409986263736264;2.9701442307692307;20.815384615384616;39.776923076923076;65.85384615384615;112.63846153846154;2019;43
2019-11-03;2019-10-30T19:00:00+01:00;62672;6210;40309;2425;2;11950;-7;1094;691;61983;12.085425824175847;89.81071428571428;93.55796703296703;4.977067307692308;2.8386126373626372;10.115384615384615;16.76923076923077;27.353846153846156;48.56923076923078;2019;44
2019-11-10;2019-11-07T19:00:00+01:00;69521;8633;38881;4950;0;15005;-24;1122;954;68567;8.734216572819262;82.52482463256348;87.03192045237641;8.345473969268944;4.406955645161291;22.284615384615385;43.87692307692308;80.57692307692308;136.42307692307693;2019;45
2019-11-17;2019-11-14T19:00:00+01:00;77680;12627;40572;1263;0;14840;-23;1066;7334;70345;5.703166208791232;85.65309065934065;92.64457417582418;6.817355769230769;3.543173076923077;35.38461538461539;67.53076923076922;117.63076923076923;168.5;2019;46
2019-11-24;2019-11-20T19:00:00+01:00;79551;11433;40595;6181;-1;14259;-7;1123;5968;73583;4.604196428571452;85.9495879120879;86.01820054945054;5.450456730769231;3.0763289835164835;1.8615384615384618;4.1923076923076925;5.953846153846154;11.061538461538463;2019;47
2019-12-01;2019-11-25T19:00:00+01:00;70072;8546;43541;4665;1;14733;-43;1073;-2445;72516;9.859927884615407;89.83671016483517;93.35497939560439;6.355085851648353;3.459010989010989;5.553846153846154;12.607692307692307;25.83076923076923;50.92307692307692;2019;48
2019-12-08;2019-12-04T09:00:00+01:00;80410;12873;44573;2879;287;15143;-8;1131;3535;76878;2.9835096153846368;85.81586538461539;78.91583104395605;4.661565934065934;2.4649793956043955;0.7230769230769231;1.176923076923077;1.6538461538461535;2.4461538461538463;2019;49
2019-12-15;2019-12-12T19:00:00+01:00;78174;8522;46422;11200;1;13648;-8;1125;-2734;80910;6.381809752747275;84.68945741758242;90.61298076923077;9.90027129120879;5.543763736263736;21.815384615384616;38.62307692307692;67.6076923076923;131.16923076923078;2019;50
2019-12-22;2019-12-16T19:00:00+01:00;70471;8562;41464;5912;1;14859;-25;1126;-1431;71899;10.312987818633003;85.55021853146853;93.8933249210467;7.592254680803068;4.105155791788857;6.6692307692307695;12.146153846153847;21.876923076923074;39.853846153846156;2019;51
2019-12-29;2019-12-29T19:30:00+01:00;66658;3752;49249;3056;0;14003;-30;1174;-4544;71204;3.5302335164835394;87.08392857142857;86.25360576923077;4.151373626373626;2.2808104395604394;0.07692307692307693;0.15384615384615385;0.30769230769230776;0.4;2019;52
